{
 "session_id": "F.CPUDLHN0NJEEI",
 "request": {
  "artifacts": [
   "Linux.Collection.SysLogs",
   "Linux.Detection.AnomalousFiles",
   "Linux.Mounts",
   "Linux.Network.NetstatEnriched",
   "Linux.Proc.Modules",
   "Linux.Ssh.AuthorizedKeys",
   "Linux.Ssh.KnownHosts",
   "Linux.Sys.BashHistory",
   "Linux.Sys.Crontab",
   "Linux.Sys.Groups",
   "Linux.Sys.LastUserLogin",
   "Linux.Sys.Pslist",
   "Linux.Sys.Services",
   "Linux.Sys.Users",
   "Linux.Sysinternals.Sysmon",
   "Linux.Syslog.SSHLogin",
   "Linux.Users.InteractiveUsers",
   "Linux.Users.RootUsers"
  ],
  "specs": [
   {
    "artifact": "Linux.Collection.SysLogs",
    "parameters": {}
   },
   {
    "artifact": "Linux.Detection.AnomalousFiles",
    "parameters": {
     "env": [
      {
       "key": "MaxNormalSize",
       "value": "Null"
      },
      {
       "key": "PathsToSearch"
      }
     ]
    }
   },
   {
    "artifact": "Linux.Mounts",
    "parameters": {}
   },
   {
    "artifact": "Linux.Network.NetstatEnriched",
    "parameters": {}
   },
   {
    "artifact": "Linux.Proc.Modules",
    "parameters": {}
   },
   {
    "artifact": "Linux.Ssh.AuthorizedKeys",
    "parameters": {}
   },
   {
    "artifact": "Linux.Ssh.KnownHosts",
    "parameters": {}
   },
   {
    "artifact": "Linux.Sys.BashHistory",
    "parameters": {}
   },
   {
    "artifact": "Linux.Sys.Crontab",
    "parameters": {
     "env": [
      {
       "key": "Length",
       "value": "Null"
      }
     ]
    }
   },
   {
    "artifact": "Linux.Sys.Groups",
    "parameters": {}
   },
   {
    "artifact": "Linux.Sys.LastUserLogin",
    "parameters": {
     "env": [
      {
       "key": "MaxCount",
       "value": "Null"
      },
      {
       "key": "recent_x_days",
       "value": "Null"
      }
     ]
    }
   },
   {
    "artifact": "Linux.Sys.Pslist",
    "parameters": {}
   },
   {
    "artifact": "Linux.Sys.Services",
    "parameters": {}
   },
   {
    "artifact": "Linux.Sys.Users",
    "parameters": {}
   },
   {
    "artifact": "Linux.Sysinternals.Sysmon",
    "parameters": {
     "env": [
      {
       "key": "StartDate"
      },
      {
       "key": "EndDate"
      }
     ]
    }
   },
   {
    "artifact": "Linux.Syslog.SSHLogin",
    "parameters": {}
   },
   {
    "artifact": "Linux.Users.InteractiveUsers",
    "parameters": {
     "env": [
      {
       "key": "NonInteractiveExecutables"
      }
     ]
    }
   },
   {
    "artifact": "Linux.Users.RootUsers",
    "parameters": {}
   }
  ]
 },
 "create_time": 1719458502438031837,
 "total_uploaded_files": 29,
 "total_expected_uploaded_bytes": 42401995,
 "total_uploaded_bytes": 42401995,
 "total_collected_rows": 452,
 "total_logs": 1968,
 "total_requests": 18,
 "execution_duration": 1920056466,
 "state": 2,
 "artifacts_with_results": [
  "Linux.Users.RootUsers",
  "Linux.Collection.SysLogs/uploadDebianPackagesLogFiles",
  "Linux.Collection.SysLogs/uploadLinuxAuthLogs",
  "Linux.Collection.SysLogs/uploadLinuxKernelLogFiles",
  "Linux.Collection.SysLogs/uploadLinuxLatlogFiles",
  "Linux.Collection.SysLogs/uploadLinuxSystemdJournalLogs",
  "Linux.Collection.SysLogs/uploadLinuxUtmpFiles",
  "Linux.Collection.SysLogs/uploadLinuxWtmp",
  "Linux.Collection.SysLogs/uploadUnixUtmpFile",
  "Linux.Mounts",
  "Linux.Network.NetstatEnriched",
  "Linux.Proc.Modules",
  "Linux.Ssh.AuthorizedKeys",
  "Linux.Ssh.KnownHosts/HostPublicKeys",
  "Linux.Sys.Crontab/CronTabs",
  "Linux.Sys.Crontab/CronScripts",
  "Linux.Sys.Crontab/Uploaded",
  "Linux.Sys.Groups",
  "Linux.Sys.Pslist",
  "Linux.Sys.Services",
  "Linux.Sys.Users",
  "Linux.Syslog.SSHLogin",
  "Linux.Users.InteractiveUsers"
 ],
 "query_stats": [
  {
   "duration": 626564921,
   "names_with_response": [
    "Linux.Users.RootUsers"
   ],
   "log_rows": 37,
   "result_rows": 1
  },
  {
   "duration": 1331501815,
   "names_with_response": [
    "Linux.Collection.SysLogs/uploadDebianPackagesLogFiles",
    "Linux.Collection.SysLogs/uploadLinuxAuthLogs",
    "Linux.Collection.SysLogs/uploadLinuxKernelLogFiles",
    "Linux.Collection.SysLogs/uploadLinuxLatlogFiles",
    "Linux.Collection.SysLogs/uploadLinuxSystemdJournalLogs",
    "Linux.Collection.SysLogs/uploadLinuxUtmpFiles",
    "Linux.Collection.SysLogs/uploadLinuxWtmp",
    "Linux.Collection.SysLogs/uploadUnixUtmpFile"
   ],
   "log_rows": 76,
   "result_rows": 3
  },
  {
   "duration": 8170295,
   "log_rows": 79
  },
  {
   "duration": 12653550,
   "names_with_response": [
    "Linux.Mounts"
   ],
   "log_rows": 81,
   "result_rows": 41
  },
  {
   "duration": 138144521,
   "names_with_response": [
    "Linux.Network.NetstatEnriched"
   ],
   "log_rows": 84,
   "result_rows": 3
  },
  {
   "duration": 15676352,
   "names_with_response": [
    "Linux.Proc.Modules"
   ],
   "log_rows": 87,
   "result_rows": 57
  },
  {
   "duration": 55089876,
   "names_with_response": [
    "Linux.Ssh.AuthorizedKeys"
   ],
   "log_rows": 90,
   "result_rows": 1
  },
  {
   "duration": 44230158,
   "names_with_response": [
    "Linux.Ssh.KnownHosts/HostPublicKeys"
   ],
   "log_rows": 94,
   "result_rows": 4
  },
  {
   "duration": 16428470,
   "log_rows": 97
  },
  {
   "duration": 143723900,
   "names_with_response": [
    "Linux.Sys.Crontab/CronTabs",
    "Linux.Sys.Crontab/CronScripts",
    "Linux.Sys.Crontab/Uploaded"
   ],
   "log_rows": 121,
   "result_rows": 18
  },
  {
   "duration": 10703074,
   "names_with_response": [
    "Linux.Sys.Groups"
   ],
   "log_rows": 124,
   "result_rows": 60
  },
  {
   "duration": 27353748,
   "log_rows": 128
  },
  {
   "duration": 1920056466,
   "names_with_response": [
    "Linux.Sys.Pslist"
   ],
   "log_rows": 130,
   "result_rows": 133
  },
  {
   "duration": 28388101,
   "names_with_response": [
    "Linux.Sys.Services"
   ],
   "log_rows": 134,
   "result_rows": 54
  },
  {
   "duration": 7576456,
   "names_with_response": [
    "Linux.Sys.Users"
   ],
   "log_rows": 137,
   "result_rows": 36
  },
  {
   "duration": 47746467,
   "log_rows": 142
  },
  {
   "duration": 58633334,
   "names_with_response": [
    "Linux.Syslog.SSHLogin"
   ],
   "log_rows": 144,
   "result_rows": 5
  },
  {
   "duration": 152447828,
   "names_with_response": [
    "Linux.Users.InteractiveUsers"
   ],
   "log_rows": 183,
   "result_rows": 36
  }
 ]
}