{"_ts":1719458502,"client_time":1719458502,"level":"DEFAULT","message":"Starting collection of Linux.Users.RootUsers\n"}
{"_ts":1719458502,"client_time":1719458502,"level":"DEFAULT","message":"shell: Running external command [id -Gn root]\n"}
{"_ts":1719458502,"client_time":1719458502,"level":"DEFAULT","message":"shell: Running external command [id -Gn daemon]\n"}
{"_ts":1719458502,"client_time":1719458502,"level":"DEFAULT","message":"shell: Running external command [id -Gn bin]\n"}
{"_ts":1719458502,"client_time":1719458502,"level":"DEFAULT","message":"shell: Running external command [id -Gn sys]\n"}
{"_ts":1719458502,"client_time":1719458502,"level":"DEFAULT","message":"shell: Running external command [id -Gn sync]\n"}
{"_ts":1719458502,"client_time":1719458502,"level":"DEFAULT","message":"shell: Running external command [id -Gn games]\n"}
{"_ts":1719458502,"client_time":1719458502,"level":"DEFAULT","message":"shell: Running external command [id -Gn man]\n"}
{"_ts":1719458502,"client_time":1719458502,"level":"DEFAULT","message":"shell: Running external command [id -Gn lp]\n"}
{"_ts":1719458502,"client_time":1719458502,"level":"DEFAULT","message":"shell: Running external command [id -Gn mail]\n"}
{"_ts":1719458502,"client_time":1719458502,"level":"DEFAULT","message":"shell: Running external command [id -Gn news]\n"}
{"_ts":1719458502,"client_time":1719458502,"level":"DEFAULT","message":"shell: Running external command [id -Gn uucp]\n"}
{"_ts":1719458502,"client_time":1719458502,"level":"DEFAULT","message":"shell: Running external command [id -Gn proxy]\n"}
{"_ts":1719458502,"client_time":1719458502,"level":"DEFAULT","message":"shell: Running external command [id -Gn www-data]\n"}
{"_ts":1719458502,"client_time":1719458502,"level":"DEFAULT","message":"shell: Running external command [id -Gn backup]\n"}
{"_ts":1719458502,"client_time":1719458502,"level":"DEFAULT","message":"shell: Running external command [id -Gn list]\n"}
{"_ts":1719458502,"client_time":1719458502,"level":"DEFAULT","message":"shell: Running external command [id -Gn irc]\n"}
{"_ts":1719458502,"client_time":1719458502,"level":"DEFAULT","message":"shell: Running external command [id -Gn gnats]\n"}
{"_ts":1719458502,"client_time":1719458502,"level":"DEFAULT","message":"shell: Running external command [id -Gn nobody]\n"}
{"_ts":1719458502,"client_time":1719458502,"level":"DEFAULT","message":"shell: Running external command [id -Gn systemd-network]\n"}
{"_ts":1719458502,"client_time":1719458502,"level":"DEFAULT","message":"shell: Running external command [id -Gn systemd-resolve]\n"}
{"_ts":1719458502,"client_time":1719458502,"level":"DEFAULT","message":"shell: Running external command [id -Gn systemd-timesync]\n"}
{"_ts":1719458502,"client_time":1719458502,"level":"DEFAULT","message":"shell: Running external command [id -Gn messagebus]\n"}
{"_ts":1719458502,"client_time":1719458502,"level":"DEFAULT","message":"shell: Running external command [id -Gn syslog]\n"}
{"_ts":1719458502,"client_time":1719458502,"level":"DEFAULT","message":"shell: Running external command [id -Gn _apt]\n"}
{"_ts":1719458502,"client_time":1719458502,"level":"DEFAULT","message":"shell: Running external command [id -Gn tss]\n"}
{"_ts":1719458502,"client_time":1719458502,"level":"DEFAULT","message":"shell: Running external command [id -Gn uuidd]\n"}
{"_ts":1719458502,"client_time":1719458502,"level":"DEFAULT","message":"shell: Running external command [id -Gn tcpdump]\n"}
{"_ts":1719458502,"client_time":1719458502,"level":"DEFAULT","message":"shell: Running external command [id -Gn landscape]\n"}
{"_ts":1719458502,"client_time":1719458502,"level":"DEFAULT","message":"shell: Running external command [id -Gn pollinate]\n"}
{"_ts":1719458503,"client_time":1719458503,"level":"DEFAULT","message":"shell: Running external command [id -Gn fwupd-refresh]\n"}
{"_ts":1719458503,"client_time":1719458503,"level":"DEFAULT","message":"shell: Running external command [id -Gn usbmux]\n"}
{"_ts":1719458503,"client_time":1719458503,"level":"DEFAULT","message":"shell: Running external command [id -Gn sshd]\n"}
{"_ts":1719458503,"client_time":1719458503,"level":"DEFAULT","message":"shell: Running external command [id -Gn systemd-coredump]\n"}
{"_ts":1719458503,"client_time":1719458503,"level":"DEFAULT","message":"shell: Running external command [id -Gn vagrant]\n"}
{"_ts":1719458503,"client_time":1719458503,"level":"DEFAULT","message":"shell: Running external command [id -Gn lxd]\n"}
{"_ts":1719458503,"client_time":1719458503,"level":"DEFAULT","message":"shell: Running external command [id -Gn vboxadd]\n"}
{"_ts":1719458503,"client_time":1719458503,"level":"DEFAULT","message":"Collected 1 rows for Linux.Users.RootUsers\n"}
{"_ts":1719458503,"client_time":1719458503,"level":"DEBUG","message":"Query Stats: {\"RowsScanned\":75,\"PluginsCalled\":40,\"FunctionsCalled\":0,\"ProtocolSearch\":4,\"ScopeCopy\":228}\n"}
{"_ts":1719458503,"client_time":1719458503,"level":"DEFAULT","message":"Starting collection of Linux.Collection.SysLogs/uploadDebianPackagesLogFiles\n"}
{"_ts":1719458503,"client_time":1719458503,"level":"DEFAULT","message":"Collecting file /var/log/dpkg.log into /uploads/auto/var/log/dpkg.log (4677 bytes)\n"}
{"_ts":1719458503,"client_time":1719458503,"level":"DEFAULT","message":"Collecting file /var/log/apt/history.log into /uploads/auto/var/log/apt/history.log (566 bytes)\n"}
{"_ts":1719458503,"client_time":1719458503,"level":"DEFAULT","message":"Collecting file /var/log/apt/term.log into /uploads/auto/var/log/apt/term.log (3734 bytes)\n"}
{"_ts":1719458503,"client_time":1719458503,"level":"DEFAULT","message":"Collected 3 rows for Linux.Collection.SysLogs/uploadDebianPackagesLogFiles\n"}
{"_ts":1719458503,"client_time":1719458503,"level":"DEFAULT","message":"Starting collection of Linux.Collection.SysLogs/uploadLinuxAuditLogs\n"}
{"_ts":1719458503,"client_time":1719458503,"level":"DEFAULT","message":"Starting collection of Linux.Collection.SysLogs/uploadLinuxAuthLogs\n"}
{"_ts":1719458503,"client_time":1719458503,"level":"DEFAULT","message":"Collecting file /var/log/auth.log into /uploads/auto/var/log/auth.log (17491 bytes)\n"}
{"_ts":1719458503,"client_time":1719458503,"level":"DEFAULT","message":"Collected 1 rows for Linux.Collection.SysLogs/uploadLinuxAuthLogs\n"}
{"_ts":1719458503,"client_time":1719458503,"level":"DEFAULT","message":"Starting collection of Linux.Collection.SysLogs/uploadLinuxCronLogs\n"}
{"_ts":1719458503,"client_time":1719458503,"level":"DEFAULT","message":"Starting collection of Linux.Collection.SysLogs/uploadLinuxDaemonLogFiles\n"}
{"_ts":1719458503,"client_time":1719458503,"level":"DEFAULT","message":"Starting collection of Linux.Collection.SysLogs/uploadLinuxKernelLogFiles\n"}
{"_ts":1719458503,"client_time":1719458503,"level":"DEFAULT","message":"Collecting file /var/log/kern.log into /uploads/auto/var/log/kern.log (127139 bytes)\n"}
{"_ts":1719458503,"client_time":1719458503,"level":"DEFAULT","message":"Collected 1 rows for Linux.Collection.SysLogs/uploadLinuxKernelLogFiles\n"}
{"_ts":1719458503,"client_time":1719458503,"level":"DEFAULT","message":"Starting collection of Linux.Collection.SysLogs/uploadLinuxLatlogFiles\n"}
{"_ts":1719458503,"client_time":1719458503,"level":"DEFAULT","message":"Collecting file /var/log/lastlog into /uploads/auto/var/log/lastlog (292292 bytes)\n"}
{"_ts":1719458503,"client_time":1719458503,"level":"DEFAULT","message":"Collected 1 rows for Linux.Collection.SysLogs/uploadLinuxLatlogFiles\n"}
{"_ts":1719458503,"client_time":1719458503,"level":"DEFAULT","message":"Starting collection of Linux.Collection.SysLogs/uploadLinuxMessagesLogFiles\n"}
{"_ts":1719458503,"client_time":1719458503,"level":"DEFAULT","message":"Starting collection of Linux.Collection.SysLogs/uploadLinuxSudoReplayLogs\n"}
{"_ts":1719458503,"client_time":1719458503,"level":"DEFAULT","message":"Starting collection of Linux.Collection.SysLogs/uploadLinuxSysLogFiles\n"}
{"_ts":1719458503,"client_time":1719458503,"level":"DEFAULT","message":"Starting collection of Linux.Collection.SysLogs/uploadLinuxSystemdJournalLogs\n"}
{"_ts":1719458503,"client_time":1719458503,"level":"DEFAULT","message":"Collecting file /var/log/journal/7e0d8178c23c4baab9846b5fd29698ab/system.journal into /uploads/auto/var/log/journal/7e0d8178c23c4baab9846b5fd29698ab/system.journal (8388608 bytes)\n"}
{"_ts":1719458503,"client_time":1719458503,"level":"DEFAULT","message":"Collecting file /var/log/journal/7e0d8178c23c4baab9846b5fd29698ab/user-1000.journal into /uploads/auto/var/log/journal/7e0d8178c23c4baab9846b5fd29698ab/user-1000.journal (8388608 bytes)\n"}
{"_ts":1719458503,"client_time":1719458503,"level":"DEFAULT","message":"Collecting file /var/log/journal/7e0d8178c23c4baab9846b5fd29698ab/system@00061bd688ac1c29-f5e2df012f9027ff.journal~ into /uploads/auto/var/log/journal/7e0d8178c23c4baab9846b5fd29698ab/system@00061bd688ac1c29-f5e2df012f9027ff.journal~ (8388608 bytes)\n"}
{"_ts":1719458504,"client_time":1719458504,"level":"DEFAULT","message":"Collecting file /var/log/journal/c5d9f029ac2a4328a7645ba2ba8453ef/system.journal into /uploads/auto/var/log/journal/c5d9f029ac2a4328a7645ba2ba8453ef/system.journal (8388608 bytes)\n"}
{"_ts":1719458504,"client_time":1719458504,"level":"DEFAULT","message":"Collecting file /var/log/journal/c5d9f029ac2a4328a7645ba2ba8453ef/user-1000.journal into /uploads/auto/var/log/journal/c5d9f029ac2a4328a7645ba2ba8453ef/user-1000.journal (8388608 bytes)\n"}
{"_ts":1719458504,"client_time":1719458504,"level":"DEFAULT","message":"Collected 5 rows for Linux.Collection.SysLogs/uploadLinuxSystemdJournalLogs\n"}
{"_ts":1719458504,"client_time":1719458504,"level":"DEFAULT","message":"Starting collection of Linux.Collection.SysLogs/uploadLinuxUtmpFiles\n"}
{"_ts":1719458504,"client_time":1719458504,"level":"DEFAULT","message":"Collecting file /var/log/btmp into /uploads/auto/var/log/btmp (0 bytes)\n"}
{"_ts":1719458504,"client_time":1719458504,"level":"DEFAULT","message":"Collecting file /var/log/wtmp into /uploads/auto/var/log/wtmp (4224 bytes)\n"}
{"_ts":1719458504,"client_time":1719458504,"level":"DEFAULT","message":"Collecting file /var/run/utmp into /uploads/auto/var/run/utmp (1152 bytes)\n"}
{"_ts":1719458504,"client_time":1719458504,"level":"DEFAULT","message":"Collected 3 rows for Linux.Collection.SysLogs/uploadLinuxUtmpFiles\n"}
{"_ts":1719458504,"client_time":1719458504,"level":"DEFAULT","message":"Starting collection of Linux.Collection.SysLogs/uploadLinuxWtmp\n"}
{"_ts":1719458504,"client_time":1719458504,"level":"DEFAULT","message":"Collected 1 rows for Linux.Collection.SysLogs/uploadLinuxWtmp\n"}
{"_ts":1719458504,"client_time":1719458504,"level":"DEFAULT","message":"Starting collection of Linux.Collection.SysLogs/uploadSambaLogFiles\n"}
{"_ts":1719458504,"client_time":1719458504,"level":"DEFAULT","message":"Starting collection of Linux.Collection.SysLogs/uploadUFWLogFile\n"}
{"_ts":1719458504,"client_time":1719458504,"level":"DEFAULT","message":"Starting collection of Linux.Collection.SysLogs/uploadUnixUtmpFile\n"}
{"_ts":1719458504,"client_time":1719458504,"level":"DEFAULT","message":"Collected 3 rows for Linux.Collection.SysLogs/uploadUnixUtmpFile\n"}
{"_ts":1719458504,"client_time":1719458504,"level":"DEBUG","message":"Query Stats: {\"RowsScanned\":36,\"PluginsCalled\":16,\"FunctionsCalled\":23,\"ProtocolSearch\":3075,\"ScopeCopy\":104}\n"}
{"_ts":1719458504,"client_time":1719458504,"level":"DEFAULT","message":"Starting collection of Linux.Detection.AnomalousFiles\n"}
{"_ts":1719458504,"client_time":1719458504,"level":"DEBUG","message":"Query Stats: {\"RowsScanned\":1,\"PluginsCalled\":3,\"FunctionsCalled\":2,\"ProtocolSearch\":4,\"ScopeCopy\":7}\n"}
{"_ts":1719458504,"client_time":1719458504,"level":"DEFAULT","message":"Starting collection of Linux.Mounts\n"}
{"_ts":1719458504,"client_time":1719458504,"level":"DEFAULT","message":"Collected 41 rows for Linux.Mounts\n"}
{"_ts":1719458504,"client_time":1719458504,"level":"DEBUG","message":"Query Stats: {\"RowsScanned\":83,\"PluginsCalled\":3,\"FunctionsCalled\":41,\"ProtocolSearch\":4,\"ScopeCopy\":171}\n"}
{"_ts":1719458504,"client_time":1719458504,"level":"DEFAULT","message":"Starting collection of Linux.Network.NetstatEnriched\n"}
{"_ts":1719458504,"client_time":1719458504,"level":"DEFAULT","message":"Collected 3 rows for Linux.Network.NetstatEnriched\n"}
{"_ts":1719458504,"client_time":1719458504,"level":"DEBUG","message":"Query Stats: {\"RowsScanned\":41,\"PluginsCalled\":3,\"FunctionsCalled\":12,\"ProtocolSearch\":4,\"ScopeCopy\":124}\n"}
{"_ts":1719458504,"client_time":1719458504,"level":"DEFAULT","message":"Starting collection of Linux.Proc.Modules\n"}
{"_ts":1719458504,"client_time":1719458504,"level":"DEFAULT","message":"Collected 57 rows for Linux.Proc.Modules\n"}
{"_ts":1719458504,"client_time":1719458504,"level":"DEBUG","message":"Query Stats: {\"RowsScanned\":115,\"PluginsCalled\":3,\"FunctionsCalled\":171,\"ProtocolSearch\":4,\"ScopeCopy\":235}\n"}
{"_ts":1719458504,"client_time":1719458504,"level":"DEFAULT","message":"Starting collection of Linux.Ssh.AuthorizedKeys\n"}
{"_ts":1719458504,"client_time":1719458504,"level":"DEFAULT","message":"Collected 1 rows for Linux.Ssh.AuthorizedKeys\n"}
{"_ts":1719458504,"client_time":1719458504,"level":"DEBUG","message":"Query Stats: {\"RowsScanned\":44,\"PluginsCalled\":43,\"FunctionsCalled\":0,\"ProtocolSearch\":154,\"ScopeCopy\":134}\n"}
{"_ts":1719458504,"client_time":1719458504,"level":"DEFAULT","message":"Starting collection of Linux.Ssh.KnownHosts\n"}
{"_ts":1719458504,"client_time":1719458504,"level":"DEFAULT","message":"Starting collection of Linux.Ssh.KnownHosts/HostPublicKeys\n"}
{"_ts":1719458504,"client_time":1719458504,"level":"DEFAULT","message":"Collected 4 rows for Linux.Ssh.KnownHosts/HostPublicKeys\n"}
{"_ts":1719458504,"client_time":1719458504,"level":"DEBUG","message":"Query Stats: {\"RowsScanned\":55,\"PluginsCalled\":50,\"FunctionsCalled\":0,\"ProtocolSearch\":144,\"ScopeCopy\":162}\n"}
{"_ts":1719458504,"client_time":1719458504,"level":"DEFAULT","message":"Starting collection of Linux.Sys.BashHistory\n"}
{"_ts":1719458504,"client_time":1719458504,"level":"DEBUG","message":"Query Stats: {\"RowsScanned\":0,\"PluginsCalled\":2,\"FunctionsCalled\":0,\"ProtocolSearch\":0,\"ScopeCopy\":3}\n"}
{"_ts":1719458504,"client_time":1719458504,"level":"DEFAULT","message":"Starting collection of Linux.Sys.Crontab/CronTabs\n"}
{"_ts":1719458504,"client_time":1719458504,"level":"DEFAULT","message":"Collected 7 rows for Linux.Sys.Crontab/CronTabs\n"}
{"_ts":1719458504,"client_time":1719458504,"level":"DEFAULT","message":"Starting collection of Linux.Sys.Crontab/CronScripts\n"}
{"_ts":1719458504,"client_time":1719458504,"level":"DEFAULT","message":"Collected 11 rows for Linux.Sys.Crontab/CronScripts\n"}
{"_ts":1719458504,"client_time":1719458504,"level":"DEFAULT","message":"Starting collection of Linux.Sys.Crontab/Uploaded\n"}
{"_ts":1719458504,"client_time":1719458504,"level":"DEFAULT","message":"Collecting file /etc/crontab into /uploads/auto/etc/crontab (1258 bytes)\n"}
{"_ts":1719458504,"client_time":1719458504,"level":"DEFAULT","message":"Collecting file /etc/cron.weekly/.placeholder into /uploads/auto/etc/cron.weekly/%2Eplaceholder (102 bytes)\n"}
{"_ts":1719458504,"client_time":1719458504,"level":"DEFAULT","message":"Collecting file /etc/cron.weekly/man-db into /uploads/auto/etc/cron.weekly/man-db (813 bytes)\n"}
{"_ts":1719458504,"client_time":1719458504,"level":"DEFAULT","message":"Collecting file /etc/cron.d/.placeholder into /uploads/auto/etc/cron.d/%2Eplaceholder (102 bytes)\n"}
{"_ts":1719458504,"client_time":1719458504,"level":"DEFAULT","message":"Collecting file /etc/cron.d/e2scrub_all into /uploads/auto/etc/cron.d/e2scrub_all (201 bytes)\n"}
{"_ts":1719458504,"client_time":1719458504,"level":"DEFAULT","message":"Collecting file /etc/cron.daily/.placeholder into /uploads/auto/etc/cron.daily/%2Eplaceholder (102 bytes)\n"}
{"_ts":1719458504,"client_time":1719458504,"level":"DEFAULT","message":"Collecting file /etc/cron.daily/apport into /uploads/auto/etc/cron.daily/apport (376 bytes)\n"}
{"_ts":1719458504,"client_time":1719458504,"level":"DEFAULT","message":"Collecting file /etc/cron.daily/apt-compat into /uploads/auto/etc/cron.daily/apt-compat (1478 bytes)\n"}
{"_ts":1719458504,"client_time":1719458504,"level":"DEFAULT","message":"Collecting file /etc/cron.daily/bsdmainutils into /uploads/auto/etc/cron.daily/bsdmainutils (355 bytes)\n"}
{"_ts":1719458504,"client_time":1719458504,"level":"DEFAULT","message":"Collecting file /etc/cron.daily/dpkg into /uploads/auto/etc/cron.daily/dpkg (1187 bytes)\n"}
{"_ts":1719458504,"client_time":1719458504,"level":"DEFAULT","message":"Collecting file /etc/cron.daily/logrotate into /uploads/auto/etc/cron.daily/logrotate (377 bytes)\n"}
{"_ts":1719458504,"client_time":1719458504,"level":"DEFAULT","message":"Collecting file /etc/cron.daily/man-db into /uploads/auto/etc/cron.daily/man-db (1123 bytes)\n"}
{"_ts":1719458504,"client_time":1719458504,"level":"DEFAULT","message":"Collecting file /etc/cron.hourly/.placeholder into /uploads/auto/etc/cron.hourly/%2Eplaceholder (102 bytes)\n"}
{"_ts":1719458504,"client_time":1719458504,"level":"DEFAULT","message":"Collecting file /etc/cron.monthly/.placeholder into /uploads/auto/etc/cron.monthly/%2Eplaceholder (102 bytes)\n"}
{"_ts":1719458504,"client_time":1719458504,"level":"DEFAULT","message":"Collecting file /var/spool/cron/atjobs into /uploads/auto/var/spool/cron/atjobs/ (4096 bytes)\n"}
{"_ts":1719458504,"client_time":1719458504,"level":"DEFAULT","message":"Collecting file /var/spool/cron/atspool into /uploads/auto/var/spool/cron/atspool/ (4096 bytes)\n"}
{"_ts":1719458504,"client_time":1719458504,"level":"DEFAULT","message":"Collecting file /var/spool/cron/crontabs into /uploads/auto/var/spool/cron/crontabs/ (4096 bytes)\n"}
{"_ts":1719458504,"client_time":1719458504,"level":"DEFAULT","message":"Collecting file /var/spool/cron/atjobs/.SEQ into /uploads/auto/var/spool/cron/atjobs/%2ESEQ (2 bytes)\n"}
{"_ts":1719458504,"client_time":1719458504,"level":"DEFAULT","message":"Collected 18 rows for Linux.Sys.Crontab/Uploaded\n"}
{"_ts":1719458504,"client_time":1719458504,"level":"DEBUG","message":"Query Stats: {\"RowsScanned\":122,\"PluginsCalled\":17,\"FunctionsCalled\":45,\"ProtocolSearch\":5127,\"ScopeCopy\":307}\n"}
{"_ts":1719458504,"client_time":1719458504,"level":"DEFAULT","message":"Starting collection of Linux.Sys.Groups\n"}
{"_ts":1719458504,"client_time":1719458504,"level":"DEFAULT","message":"Collected 60 rows for Linux.Sys.Groups\n"}
{"_ts":1719458504,"client_time":1719458504,"level":"DEBUG","message":"Query Stats: {\"RowsScanned\":121,\"PluginsCalled\":3,\"FunctionsCalled\":180,\"ProtocolSearch\":4,\"ScopeCopy\":247}\n"}
{"_ts":1719458504,"client_time":1719458504,"level":"DEFAULT","message":"Start time 2024-06-27 03:21:44 +0000 UTC\n"}
{"_ts":1719458504,"client_time":1719458504,"level":"DEFAULT","message":"Starting collection of Linux.Sys.LastUserLogin\n"}
{"_ts":1719458504,"client_time":1719458504,"level":"DEBUG","message":"Query Stats: {\"RowsScanned\":3,\"PluginsCalled\":8,\"FunctionsCalled\":12,\"ProtocolSearch\":393,\"ScopeCopy\":20}\n"}
{"_ts":1719458505,"client_time":1719458505,"level":"DEFAULT","message":"Starting collection of Linux.Sys.Pslist\n"}
{"_ts":1719458506,"client_time":1719458506,"level":"DEFAULT","message":"Collected 133 rows for Linux.Sys.Pslist\n"}
{"_ts":1719458506,"client_time":1719458506,"level":"DEBUG","message":"Query Stats: {\"RowsScanned\":267,\"PluginsCalled\":3,\"FunctionsCalled\":266,\"ProtocolSearch\":4,\"ScopeCopy\":672}\n"}
{"_ts":1719458506,"client_time":1719458506,"level":"DEFAULT","message":"Starting collection of Linux.Sys.Services\n"}
{"_ts":1719458506,"client_time":1719458506,"level":"DEFAULT","message":"shell: Running external command [systemctl list-units --type=service]\n"}
{"_ts":1719458506,"client_time":1719458506,"level":"DEFAULT","message":"Collected 54 rows for Linux.Sys.Services\n"}
{"_ts":1719458506,"client_time":1719458506,"level":"DEBUG","message":"Query Stats: {\"RowsScanned\":185,\"PluginsCalled\":5,\"FunctionsCalled\":64,\"ProtocolSearch\":4,\"ScopeCopy\":441}\n"}
{"_ts":1719458506,"client_time":1719458506,"level":"DEFAULT","message":"Starting collection of Linux.Sys.Users\n"}
{"_ts":1719458506,"client_time":1719458506,"level":"DEFAULT","message":"Collected 36 rows for Linux.Sys.Users\n"}
{"_ts":1719458506,"client_time":1719458506,"level":"DEBUG","message":"Query Stats: {\"RowsScanned\":73,\"PluginsCalled\":3,\"FunctionsCalled\":0,\"ProtocolSearch\":4,\"ScopeCopy\":151}\n"}
{"_ts":1719458506,"client_time":1719458506,"level":"DEFAULT","message":"Starting collection of Linux.Sysinternals.Sysmon\n"}
{"_ts":1719458506,"client_time":1719458506,"level":"ERROR","message":"Symbol FullPath not found. Current Scope is [NULL], [_SessionId, $device_manager, config, $acl, $uploader, Artifact, $repository, $root], [syslogPath, sysmonGrok, StartDate, EndDate, IDRegex], [StartDate], [EndDate], [UnparsedEvents], [ParsedEvents], [Linux_Sysinternals_Sysmon_0_2], [$Query], [Name, OSPath, Mtime, Atime, Ctime, Btime, Size, Mode, IsDir, IsLink, Data, Globs]\n"}
{"_ts":1719458506,"client_time":1719458506,"level":"DEFAULT","message":"parse_lines: Field filename Expecting a path arg type, not types.Null\n"}
{"_ts":1719458507,"client_time":1719458507,"level":"DEBUG","message":"Query Stats: {\"RowsScanned\":1,\"PluginsCalled\":3,\"FunctionsCalled\":2,\"ProtocolSearch\":195,\"ScopeCopy\":7}\n"}
{"_ts":1719458507,"client_time":1719458507,"level":"DEFAULT","message":"Starting collection of Linux.Syslog.SSHLogin\n"}
{"_ts":1719458507,"client_time":1719458507,"level":"DEFAULT","message":"Collected 5 rows for Linux.Syslog.SSHLogin\n"}
{"_ts":1719458507,"client_time":1719458507,"level":"DEBUG","message":"Query Stats: {\"RowsScanned\":186,\"PluginsCalled\":3,\"FunctionsCalled\":180,\"ProtocolSearch\":15,\"ScopeCopy\":550}\n"}
{"_ts":1719458507,"client_time":1719458507,"level":"DEFAULT","message":"Starting collection of Linux.Users.InteractiveUsers\n"}
{"_ts":1719458507,"client_time":1719458507,"level":"ERROR","message":"Symbol Fqdn not found. Current Scope is [NULL], [_SessionId, $device_manager, config, $acl, $uploader, Artifact, $repository, $root], [NonInteractiveExecutables], [precondition_Linux_Users_InteractiveUsers_0], [Linux_Users_InteractiveUsers_0_0], [$Query], [User, Description, Uid, Gid, Homedir, Shell, _Source]\n"}
{"_ts":1719458507,"client_time":1719458507,"level":"ERROR","message":"Symbol Fqdn not found. Current Scope is [NULL], [_SessionId, $device_manager, config, $acl, $uploader, Artifact, $repository, $root], [NonInteractiveExecutables], [precondition_Linux_Users_InteractiveUsers_0], [Linux_Users_InteractiveUsers_0_0], [$Query], [User, Description, Uid, Gid, Homedir, Shell, _Source]\n"}
{"_ts":1719458507,"client_time":1719458507,"level":"ERROR","message":"Symbol Fqdn not found. Current Scope is [NULL], [_SessionId, $device_manager, config, $acl, $uploader, Artifact, $repository, $root], [NonInteractiveExecutables], [precondition_Linux_Users_InteractiveUsers_0], [Linux_Users_InteractiveUsers_0_0], [$Query], [User, Description, Uid, Gid, Homedir, Shell, _Source]\n"}
{"_ts":1719458507,"client_time":1719458507,"level":"ERROR","message":"Symbol Fqdn not found. Current Scope is [NULL], [_SessionId, $device_manager, config, $acl, $uploader, Artifact, $repository, $root], [NonInteractiveExecutables], [precondition_Linux_Users_InteractiveUsers_0], [Linux_Users_InteractiveUsers_0_0], [$Query], [User, Description, Uid, Gid, Homedir, Shell, _Source]\n"}
{"_ts":1719458507,"client_time":1719458507,"level":"ERROR","message":"Symbol Fqdn not found. Current Scope is [NULL], [_SessionId, $device_manager, config, $acl, $uploader, Artifact, $repository, $root], [NonInteractiveExecutables], [precondition_Linux_Users_InteractiveUsers_0], [Linux_Users_InteractiveUsers_0_0], [$Query], [User, Description, Uid, Gid, Homedir, Shell, _Source]\n"}
{"_ts":1719458507,"client_time":1719458507,"level":"ERROR","message":"Symbol Fqdn not found. Current Scope is [NULL], [_SessionId, $device_manager, config, $acl, $uploader, Artifact, $repository, $root], [NonInteractiveExecutables], [precondition_Linux_Users_InteractiveUsers_0], [Linux_Users_InteractiveUsers_0_0], [$Query], [User, Description, Uid, Gid, Homedir, Shell, _Source]\n"}
{"_ts":1719458507,"client_time":1719458507,"level":"ERROR","message":"Symbol Fqdn not found. Current Scope is [NULL], [_SessionId, $device_manager, config, $acl, $uploader, Artifact, $repository, $root], [NonInteractiveExecutables], [precondition_Linux_Users_InteractiveUsers_0], [Linux_Users_InteractiveUsers_0_0], [$Query], [User, Description, Uid, Gid, Homedir, Shell, _Source]\n"}
{"_ts":1719458507,"client_time":1719458507,"level":"ERROR","message":"Symbol Fqdn not found. Current Scope is [NULL], [_SessionId, $device_manager, config, $acl, $uploader, Artifact, $repository, $root], [NonInteractiveExecutables], [precondition_Linux_Users_InteractiveUsers_0], [Linux_Users_InteractiveUsers_0_0], [$Query], [User, Description, Uid, Gid, Homedir, Shell, _Source]\n"}
{"_ts":1719458507,"client_time":1719458507,"level":"ERROR","message":"Symbol Fqdn not found. Current Scope is [NULL], [_SessionId, $device_manager, config, $acl, $uploader, Artifact, $repository, $root], [NonInteractiveExecutables], [precondition_Linux_Users_InteractiveUsers_0], [Linux_Users_InteractiveUsers_0_0], [$Query], [User, Description, Uid, Gid, Homedir, Shell, _Source]\n"}
{"_ts":1719458507,"client_time":1719458507,"level":"ERROR","message":"Symbol Fqdn not found. Current Scope is [NULL], [_SessionId, $device_manager, config, $acl, $uploader, Artifact, $repository, $root], [NonInteractiveExecutables], [precondition_Linux_Users_InteractiveUsers_0], [Linux_Users_InteractiveUsers_0_0], [$Query], [User, Description, Uid, Gid, Homedir, Shell, _Source]\n"}
{"_ts":1719458507,"client_time":1719458507,"level":"ERROR","message":"Symbol Fqdn not found. Current Scope is [NULL], [_SessionId, $device_manager, config, $acl, $uploader, Artifact, $repository, $root], [NonInteractiveExecutables], [precondition_Linux_Users_InteractiveUsers_0], [Linux_Users_InteractiveUsers_0_0], [$Query], [User, Description, Uid, Gid, Homedir, Shell, _Source]\n"}
{"_ts":1719458507,"client_time":1719458507,"level":"ERROR","message":"Symbol Fqdn not found. Current Scope is [NULL], [_SessionId, $device_manager, config, $acl, $uploader, Artifact, $repository, $root], [NonInteractiveExecutables], [precondition_Linux_Users_InteractiveUsers_0], [Linux_Users_InteractiveUsers_0_0], [$Query], [User, Description, Uid, Gid, Homedir, Shell, _Source]\n"}
{"_ts":1719458507,"client_time":1719458507,"level":"ERROR","message":"Symbol Fqdn not found. Current Scope is [NULL], [_SessionId, $device_manager, config, $acl, $uploader, Artifact, $repository, $root], [NonInteractiveExecutables], [precondition_Linux_Users_InteractiveUsers_0], [Linux_Users_InteractiveUsers_0_0], [$Query], [User, Description, Uid, Gid, Homedir, Shell, _Source]\n"}
{"_ts":1719458507,"client_time":1719458507,"level":"ERROR","message":"Symbol Fqdn not found. Current Scope is [NULL], [_SessionId, $device_manager, config, $acl, $uploader, Artifact, $repository, $root], [NonInteractiveExecutables], [precondition_Linux_Users_InteractiveUsers_0], [Linux_Users_InteractiveUsers_0_0], [$Query], [User, Description, Uid, Gid, Homedir, Shell, _Source]\n"}
{"_ts":1719458507,"client_time":1719458507,"level":"ERROR","message":"Symbol Fqdn not found. Current Scope is [NULL], [_SessionId, $device_manager, config, $acl, $uploader, Artifact, $repository, $root], [NonInteractiveExecutables], [precondition_Linux_Users_InteractiveUsers_0], [Linux_Users_InteractiveUsers_0_0], [$Query], [User, Description, Uid, Gid, Homedir, Shell, _Source]\n"}
{"_ts":1719458507,"client_time":1719458507,"level":"ERROR","message":"Symbol Fqdn not found. Current Scope is [NULL], [_SessionId, $device_manager, config, $acl, $uploader, Artifact, $repository, $root], [NonInteractiveExecutables], [precondition_Linux_Users_InteractiveUsers_0], [Linux_Users_InteractiveUsers_0_0], [$Query], [User, Description, Uid, Gid, Homedir, Shell, _Source]\n"}
{"_ts":1719458507,"client_time":1719458507,"level":"ERROR","message":"Symbol Fqdn not found. Current Scope is [NULL], [_SessionId, $device_manager, config, $acl, $uploader, Artifact, $repository, $root], [NonInteractiveExecutables], [precondition_Linux_Users_InteractiveUsers_0], [Linux_Users_InteractiveUsers_0_0], [$Query], [User, Description, Uid, Gid, Homedir, Shell, _Source]\n"}
{"_ts":1719458507,"client_time":1719458507,"level":"ERROR","message":"Symbol Fqdn not found. Current Scope is [NULL], [_SessionId, $device_manager, config, $acl, $uploader, Artifact, $repository, $root], [NonInteractiveExecutables], [precondition_Linux_Users_InteractiveUsers_0], [Linux_Users_InteractiveUsers_0_0], [$Query], [User, Description, Uid, Gid, Homedir, Shell, _Source]\n"}
{"_ts":1719458507,"client_time":1719458507,"level":"ERROR","message":"Symbol Fqdn not found. Current Scope is [NULL], [_SessionId, $device_manager, config, $acl, $uploader, Artifact, $repository, $root], [NonInteractiveExecutables], [precondition_Linux_Users_InteractiveUsers_0], [Linux_Users_InteractiveUsers_0_0], [$Query], [User, Description, Uid, Gid, Homedir, Shell, _Source]\n"}
{"_ts":1719458507,"client_time":1719458507,"level":"ERROR","message":"Symbol Fqdn not found. Current Scope is [NULL], [_SessionId, $device_manager, config, $acl, $uploader, Artifact, $repository, $root], [NonInteractiveExecutables], [precondition_Linux_Users_InteractiveUsers_0], [Linux_Users_InteractiveUsers_0_0], [$Query], [User, Description, Uid, Gid, Homedir, Shell, _Source]\n"}
{"_ts":1719458507,"client_time":1719458507,"level":"ERROR","message":"Symbol Fqdn not found. Current Scope is [NULL], [_SessionId, $device_manager, config, $acl, $uploader, Artifact, $repository, $root], [NonInteractiveExecutables], [precondition_Linux_Users_InteractiveUsers_0], [Linux_Users_InteractiveUsers_0_0], [$Query], [User, Description, Uid, Gid, Homedir, Shell, _Source]\n"}
{"_ts":1719458507,"client_time":1719458507,"level":"ERROR","message":"Symbol Fqdn not found. Current Scope is [NULL], [_SessionId, $device_manager, config, $acl, $uploader, Artifact, $repository, $root], [NonInteractiveExecutables], [precondition_Linux_Users_InteractiveUsers_0], [Linux_Users_InteractiveUsers_0_0], [$Query], [User, Description, Uid, Gid, Homedir, Shell, _Source]\n"}
{"_ts":1719458507,"client_time":1719458507,"level":"ERROR","message":"Symbol Fqdn not found. Current Scope is [NULL], [_SessionId, $device_manager, config, $acl, $uploader, Artifact, $repository, $root], [NonInteractiveExecutables], [precondition_Linux_Users_InteractiveUsers_0], [Linux_Users_InteractiveUsers_0_0], [$Query], [User, Description, Uid, Gid, Homedir, Shell, _Source]\n"}
{"_ts":1719458507,"client_time":1719458507,"level":"ERROR","message":"Symbol Fqdn not found. Current Scope is [NULL], [_SessionId, $device_manager, config, $acl, $uploader, Artifact, $repository, $root], [NonInteractiveExecutables], [precondition_Linux_Users_InteractiveUsers_0], [Linux_Users_InteractiveUsers_0_0], [$Query], [User, Description, Uid, Gid, Homedir, Shell, _Source]\n"}
{"_ts":1719458507,"client_time":1719458507,"level":"ERROR","message":"Symbol Fqdn not found. Current Scope is [NULL], [_SessionId, $device_manager, config, $acl, $uploader, Artifact, $repository, $root], [NonInteractiveExecutables], [precondition_Linux_Users_InteractiveUsers_0], [Linux_Users_InteractiveUsers_0_0], [$Query], [User, Description, Uid, Gid, Homedir, Shell, _Source]\n"}
{"_ts":1719458507,"client_time":1719458507,"level":"ERROR","message":"Symbol Fqdn not found. Current Scope is [NULL], [_SessionId, $device_manager, config, $acl, $uploader, Artifact, $repository, $root], [NonInteractiveExecutables], [precondition_Linux_Users_InteractiveUsers_0], [Linux_Users_InteractiveUsers_0_0], [$Query], [User, Description, Uid, Gid, Homedir, Shell, _Source]\n"}
{"_ts":1719458507,"client_time":1719458507,"level":"ERROR","message":"Symbol Fqdn not found. Current Scope is [NULL], [_SessionId, $device_manager, config, $acl, $uploader, Artifact, $repository, $root], [NonInteractiveExecutables], [precondition_Linux_Users_InteractiveUsers_0], [Linux_Users_InteractiveUsers_0_0], [$Query], [User, Description, Uid, Gid, Homedir, Shell, _Source]\n"}
{"_ts":1719458507,"client_time":1719458507,"level":"ERROR","message":"Symbol Fqdn not found. Current Scope is [NULL], [_SessionId, $device_manager, config, $acl, $uploader, Artifact, $repository, $root], [NonInteractiveExecutables], [precondition_Linux_Users_InteractiveUsers_0], [Linux_Users_InteractiveUsers_0_0], [$Query], [User, Description, Uid, Gid, Homedir, Shell, _Source]\n"}
{"_ts":1719458507,"client_time":1719458507,"level":"ERROR","message":"Symbol Fqdn not found. Current Scope is [NULL], [_SessionId, $device_manager, config, $acl, $uploader, Artifact, $repository, $root], [NonInteractiveExecutables], [precondition_Linux_Users_InteractiveUsers_0], [Linux_Users_InteractiveUsers_0_0], [$Query], [User, Description, Uid, Gid, Homedir, Shell, _Source]\n"}
{"_ts":1719458507,"client_time":1719458507,"level":"ERROR","message":"Symbol Fqdn not found. Current Scope is [NULL], [_SessionId, $device_manager, config, $acl, $uploader, Artifact, $repository, $root], [NonInteractiveExecutables], [precondition_Linux_Users_InteractiveUsers_0], [Linux_Users_InteractiveUsers_0_0], [$Query], [User, Description, Uid, Gid, Homedir, Shell, _Source]\n"}
{"_ts":1719458507,"client_time":1719458507,"level":"ERROR","message":"Symbol Fqdn not found. Current Scope is [NULL], [_SessionId, $device_manager, config, $acl, $uploader, Artifact, $repository, $root], [NonInteractiveExecutables], [precondition_Linux_Users_InteractiveUsers_0], [Linux_Users_InteractiveUsers_0_0], [$Query], [User, Description, Uid, Gid, Homedir, Shell, _Source]\n"}
{"_ts":1719458507,"client_time":1719458507,"level":"ERROR","message":"Symbol Fqdn not found. Current Scope is [NULL], [_SessionId, $device_manager, config, $acl, $uploader, Artifact, $repository, $root], [NonInteractiveExecutables], [precondition_Linux_Users_InteractiveUsers_0], [Linux_Users_InteractiveUsers_0_0], [$Query], [User, Description, Uid, Gid, Homedir, Shell, _Source]\n"}
{"_ts":1719458507,"client_time":1719458507,"level":"ERROR","message":"Symbol Fqdn not found. Current Scope is [NULL], [_SessionId, $device_manager, config, $acl, $uploader, Artifact, $repository, $root], [NonInteractiveExecutables], [precondition_Linux_Users_InteractiveUsers_0], [Linux_Users_InteractiveUsers_0_0], [$Query], [User, Description, Uid, Gid, Homedir, Shell, _Source]\n"}
{"_ts":1719458507,"client_time":1719458507,"level":"ERROR","message":"Symbol Fqdn not found. Current Scope is [NULL], [_SessionId, $device_manager, config, $acl, $uploader, Artifact, $repository, $root], [NonInteractiveExecutables], [precondition_Linux_Users_InteractiveUsers_0], [Linux_Users_InteractiveUsers_0_0], [$Query], [User, Description, Uid, Gid, Homedir, Shell, _Source]\n"}
{"_ts":1719458507,"client_time":1719458507,"level":"ERROR","message":"Symbol Fqdn not found. Current Scope is [NULL], [_SessionId, $device_manager, config, $acl, $uploader, Artifact, $repository, $root], [NonInteractiveExecutables], [precondition_Linux_Users_InteractiveUsers_0], [Linux_Users_InteractiveUsers_0_0], [$Query], [User, Description, Uid, Gid, Homedir, Shell, _Source]\n"}
{"_ts":1719458507,"client_time":1719458507,"level":"ERROR","message":"Symbol Fqdn not found. Current Scope is [NULL], [_SessionId, $device_manager, config, $acl, $uploader, Artifact, $repository, $root], [NonInteractiveExecutables], [precondition_Linux_Users_InteractiveUsers_0], [Linux_Users_InteractiveUsers_0_0], [$Query], [User, Description, Uid, Gid, Homedir, Shell, _Source]\n"}
{"_ts":1719458507,"client_time":1719458507,"level":"DEFAULT","message":"Collected 36 rows for Linux.Users.InteractiveUsers\n"}
{"_ts":1719458507,"client_time":1719458507,"level":"DEBUG","message":"Query Stats: {\"RowsScanned\":73,\"PluginsCalled\":3,\"FunctionsCalled\":36,\"ProtocolSearch\":4,\"ScopeCopy\":188}\n"}
