{
 "items": [
  {
   "session_id": "F.CPUDLHN0NJEEI",
   "request_id": 1,
   "VQLClientAction": {
    "query_id": 1,
    "total_queries": 18,
    "env": [
     {
      "key": "DebianPackagesLogFiles",
      "value": "[\"/var/log/dpkg.log*\",\"/var/log/apt/history.log*\",\"/var/log/apt/term.log\"]\n"
     },
     {
      "key": "LinuxAuditLogs",
      "value": "/var/log/audit/*"
     },
     {
      "key": "LinuxAuthLogs",
      "value": "[\"/var/log/auth.log*\",\"/var/log/secure.log*\"]\n"
     },
     {
      "key": "LinuxCronLogs",
      "value": "/var/log/cron.log*"
     },
     {
      "key": "LinuxDaemonLogFiles",
      "value": "/var/log/daemon.log*"
     },
     {
      "key": "LinuxKernelLogFiles",
      "value": "/var/log/kern.log*"
     },
     {
      "key": "LinuxLatlogFiles",
      "value": "/var/log/lastlog"
     },
     {
      "key": "LinuxMessagesLogFiles",
      "value": "/var/log/messages*"
     },
     {
      "key": "LinuxSudoReplayLogs",
      "value": "/var/log/sudo-io/**"
     },
     {
      "key": "LinuxSysLogFiles",
      "value": "/var/log/syslog.log*"
     },
     {
      "key": "LinuxSystemdJournalLogs",
      "value": "[\"/var/log/journal/*/*.journal\",\"/var/log/journal/*/*.journal~\"]\n"
     },
     {
      "key": "LinuxUtmpFiles",
      "value": "[\"/var/log/btmp\",\"/var/log/wtmp\",\"/var/run/utmp\"]\n"
     },
     {
      "key": "LinuxWtmp",
      "value": "/var/log/wtmp"
     },
     {
      "key": "SambaLogFiles",
      "value": "/var/log/samba/*.log"
     },
     {
      "key": "UFWLogFile",
      "value": "/var/log/ufw.log"
     },
     {
      "key": "UnixUtmpFile",
      "value": "[\"/var/log/btmp\",\"/var/log/wtmp\",\"/var/run/utmp\"]\n"
     }
    ],
    "Query": [
     {
      "VQL": "LET Linux_Collection_SysLogs_uploadDebianPackagesLogFiles_0_0 = SELECT OSPath, Mtime, upload(file=OSPath) AS Upload FROM glob(globs=parse_json_array(data=DebianPackagesLogFiles))"
     },
     {
      "Name": "Linux.Collection.SysLogs/uploadDebianPackagesLogFiles",
      "VQL": "SELECT * FROM Linux_Collection_SysLogs_uploadDebianPackagesLogFiles_0_0"
     },
     {
      "VQL": "LET Linux_Collection_SysLogs_uploadLinuxAuditLogs_1_0 = SELECT OSPath, Mtime, upload(file=OSPath) AS Upload FROM glob(globs=LinuxAuditLogs)"
     },
     {
      "Name": "Linux.Collection.SysLogs/uploadLinuxAuditLogs",
      "VQL": "SELECT * FROM Linux_Collection_SysLogs_uploadLinuxAuditLogs_1_0"
     },
     {
      "VQL": "LET Linux_Collection_SysLogs_uploadLinuxAuthLogs_2_0 = SELECT OSPath, Mtime, upload(file=OSPath) AS Upload FROM glob(globs=parse_json_array(data=LinuxAuthLogs))"
     },
     {
      "Name": "Linux.Collection.SysLogs/uploadLinuxAuthLogs",
      "VQL": "SELECT * FROM Linux_Collection_SysLogs_uploadLinuxAuthLogs_2_0"
     },
     {
      "VQL": "LET Linux_Collection_SysLogs_uploadLinuxCronLogs_3_0 = SELECT OSPath, Mtime, upload(file=OSPath) AS Upload FROM glob(globs=LinuxCronLogs)"
     },
     {
      "Name": "Linux.Collection.SysLogs/uploadLinuxCronLogs",
      "VQL": "SELECT * FROM Linux_Collection_SysLogs_uploadLinuxCronLogs_3_0"
     },
     {
      "VQL": "LET Linux_Collection_SysLogs_uploadLinuxDaemonLogFiles_4_0 = SELECT OSPath, Mtime, upload(file=OSPath) AS Upload FROM glob(globs=LinuxDaemonLogFiles)"
     },
     {
      "Name": "Linux.Collection.SysLogs/uploadLinuxDaemonLogFiles",
      "VQL": "SELECT * FROM Linux_Collection_SysLogs_uploadLinuxDaemonLogFiles_4_0"
     },
     {
      "VQL": "LET Linux_Collection_SysLogs_uploadLinuxKernelLogFiles_5_0 = SELECT OSPath, Mtime, upload(file=OSPath) AS Upload FROM glob(globs=LinuxKernelLogFiles)"
     },
     {
      "Name": "Linux.Collection.SysLogs/uploadLinuxKernelLogFiles",
      "VQL": "SELECT * FROM Linux_Collection_SysLogs_uploadLinuxKernelLogFiles_5_0"
     },
     {
      "VQL": "LET Linux_Collection_SysLogs_uploadLinuxLatlogFiles_6_0 = SELECT OSPath, Mtime, upload(file=OSPath) AS Upload FROM stat(filename=LinuxLatlogFiles)"
     },
     {
      "Name": "Linux.Collection.SysLogs/uploadLinuxLatlogFiles",
      "VQL": "SELECT * FROM Linux_Collection_SysLogs_uploadLinuxLatlogFiles_6_0"
     },
     {
      "VQL": "LET Linux_Collection_SysLogs_uploadLinuxMessagesLogFiles_7_0 = SELECT OSPath, Mtime, upload(file=OSPath) AS Upload FROM glob(globs=LinuxMessagesLogFiles)"
     },
     {
      "Name": "Linux.Collection.SysLogs/uploadLinuxMessagesLogFiles",
      "VQL": "SELECT * FROM Linux_Collection_SysLogs_uploadLinuxMessagesLogFiles_7_0"
     },
     {
      "VQL": "LET Linux_Collection_SysLogs_uploadLinuxSudoReplayLogs_8_0 = SELECT OSPath, Mtime, upload(file=OSPath) AS Upload FROM glob(globs=LinuxSudoReplayLogs)"
     },
     {
      "Name": "Linux.Collection.SysLogs/uploadLinuxSudoReplayLogs",
      "VQL": "SELECT * FROM Linux_Collection_SysLogs_uploadLinuxSudoReplayLogs_8_0"
     },
     {
      "VQL": "LET Linux_Collection_SysLogs_uploadLinuxSysLogFiles_9_0 = SELECT OSPath, Mtime, upload(file=OSPath) AS Upload FROM glob(globs=LinuxSysLogFiles)"
     },
     {
      "Name": "Linux.Collection.SysLogs/uploadLinuxSysLogFiles",
      "VQL": "SELECT * FROM Linux_Collection_SysLogs_uploadLinuxSysLogFiles_9_0"
     },
     {
      "VQL": "LET Linux_Collection_SysLogs_uploadLinuxSystemdJournalLogs_10_0 = SELECT OSPath, Mtime, upload(file=OSPath) AS Upload FROM glob(globs=parse_json_array(data=LinuxSystemdJournalLogs))"
     },
     {
      "Name": "Linux.Collection.SysLogs/uploadLinuxSystemdJournalLogs",
      "VQL": "SELECT * FROM Linux_Collection_SysLogs_uploadLinuxSystemdJournalLogs_10_0"
     },
     {
      "VQL": "LET Linux_Collection_SysLogs_uploadLinuxUtmpFiles_11_0 = SELECT OSPath, Mtime, upload(file=OSPath) AS Upload FROM glob(globs=parse_json_array(data=LinuxUtmpFiles))"
     },
     {
      "Name": "Linux.Collection.SysLogs/uploadLinuxUtmpFiles",
      "VQL": "SELECT * FROM Linux_Collection_SysLogs_uploadLinuxUtmpFiles_11_0"
     },
     {
      "VQL": "LET Linux_Collection_SysLogs_uploadLinuxWtmp_12_0 = SELECT OSPath, Mtime, upload(file=OSPath) AS Upload FROM stat(filename=LinuxWtmp)"
     },
     {
      "Name": "Linux.Collection.SysLogs/uploadLinuxWtmp",
      "VQL": "SELECT * FROM Linux_Collection_SysLogs_uploadLinuxWtmp_12_0"
     },
     {
      "VQL": "LET Linux_Collection_SysLogs_uploadSambaLogFiles_13_0 = SELECT OSPath, Mtime, upload(file=OSPath) AS Upload FROM glob(globs=SambaLogFiles)"
     },
     {
      "Name": "Linux.Collection.SysLogs/uploadSambaLogFiles",
      "VQL": "SELECT * FROM Linux_Collection_SysLogs_uploadSambaLogFiles_13_0"
     },
     {
      "VQL": "LET Linux_Collection_SysLogs_uploadUFWLogFile_14_0 = SELECT OSPath, Mtime, upload(file=OSPath) AS Upload FROM stat(filename=UFWLogFile)"
     },
     {
      "Name": "Linux.Collection.SysLogs/uploadUFWLogFile",
      "VQL": "SELECT * FROM Linux_Collection_SysLogs_uploadUFWLogFile_14_0"
     },
     {
      "VQL": "LET Linux_Collection_SysLogs_uploadUnixUtmpFile_15_0 = SELECT OSPath, Mtime, upload(file=OSPath) AS Upload FROM glob(globs=parse_json_array(data=UnixUtmpFile))"
     },
     {
      "Name": "Linux.Collection.SysLogs/uploadUnixUtmpFile",
      "VQL": "SELECT * FROM Linux_Collection_SysLogs_uploadUnixUtmpFile_15_0"
     }
    ],
    "max_row": 1000
   }
  },
  {
   "session_id": "F.CPUDLHN0NJEEI",
   "request_id": 2,
   "VQLClientAction": {
    "query_id": 2,
    "total_queries": 18,
    "precondition": "SELECT OS\nFROM info()\nWHERE OS = 'linux'\n",
    "env": [
     {
      "key": "MaxNormalSize",
      "value": "Null"
     },
     {
      "key": "PathsToSearch"
     }
    ],
    "Query": [
     {
      "VQL": "LET MaxNormalSize \u003c= int(int=MaxNormalSize)"
     },
     {
      "VQL": "LET precondition_Linux_Detection_AnomalousFiles_0 = SELECT OS\nFROM info()\nWHERE OS = 'linux'\n"
     },
     {
      "VQL": "LET Linux_Detection_AnomalousFiles_0_0 = SELECT Fqdn AS Host, OSPath, substr(str=Name, start=0, end=1) = \".\" AS IsHidden, Size, Size \u003e MaxNormalSize AS IsLarge, Mode.String AS Mode, Mode =~ \"^u\" AS HasSUID FROM glob(globs=split(string=PathsToSearch, sep_string=\",\")) WHERE IsHidden OR IsLarge OR HasSUID"
     },
     {
      "Name": "Linux.Detection.AnomalousFiles",
      "VQL": "SELECT * FROM if(then=Linux_Detection_AnomalousFiles_0_0, condition=precondition_Linux_Detection_AnomalousFiles_0, else={SELECT * FROM scope() WHERE log(message='Query skipped due to precondition') AND FALSE})"
     }
    ],
    "max_row": 1000
   }
  },
  {
   "session_id": "F.CPUDLHN0NJEEI",
   "request_id": 3,
   "VQLClientAction": {
    "query_id": 3,
    "total_queries": 18,
    "precondition": "SELECT OS From info() where OS = 'linux'\n",
    "env": [
     {
      "key": "ProcMounts",
      "value": "/proc/mounts"
     }
    ],
    "Query": [
     {
      "VQL": "LET precondition_Linux_Mounts_0 = SELECT OS From info() where OS = 'linux'\n"
     },
     {
      "VQL": "LET Linux_Mounts_0_0 = SELECT Device, Mount, FSType, split(string=Opts, sep=\",\") AS Options FROM parse_records_with_regex(file=ProcMounts, regex='(?m)^(?P\u003cDevice\u003e[^ ]+) (?P\u003cMount\u003e[^ ]+) (?P\u003cFSType\u003e[^ ]+) ' + '(?P\u003cOpts\u003e[^ ]+)')"
     },
     {
      "Name": "Linux.Mounts",
      "VQL": "SELECT * FROM if(then=Linux_Mounts_0_0, condition=precondition_Linux_Mounts_0, else={SELECT * FROM scope() WHERE log(message='Query skipped due to precondition') AND FALSE})"
     }
    ],
    "max_row": 1000
   }
  },
  {
   "session_id": "F.CPUDLHN0NJEEI",
   "request_id": 4,
   "VQLClientAction": {
    "query_id": 4,
    "total_queries": 18,
    "precondition": "\nSELECT OS From info() where OS = 'linux'\n",
    "env": [
     {
      "key": "IPRegex",
      "value": "."
     },
     {
      "key": "PortRegex",
      "value": "."
     },
     {
      "key": "ProcessNameRegex",
      "value": "."
     },
     {
      "key": "UsernameRegex",
      "value": "."
     },
     {
      "key": "ConnectionStatusRegex",
      "value": "LISTEN|ESTABLISHED"
     },
     {
      "key": "ProcessPathRegex",
      "value": "."
     },
     {
      "key": "CommandLineRegex",
      "value": "."
     },
     {
      "key": "CallChainRegex",
      "value": "."
     }
    ],
    "Query": [
     {
      "VQL": "LET precondition_Linux_Network_NetstatEnriched_0 = \nSELECT OS From info() where OS = 'linux'\n"
     },
     {
      "VQL": "LET Linux_Network_NetstatEnriched_0_0 = SELECT Laddr.IP AS Laddr, Laddr.Port AS Lport, Raddr.IP AS Raddr, Raddr.Port AS Rport, Pid, Status, process_tracker_get(id=Pid).Data AS ProcInfo, join(array=process_tracker_callchain(id=Pid).Data.Name, sep=\" -\u003e \") AS CallChain, process_tracker_tree(id=Pid) AS ChildrenTree FROM connections() WHERE Status =~ ConnectionStatusRegex  AND Raddr =~ IPRegex  AND (Lport =~ PortRegex OR Rport =~ PortRegex)  AND ProcInfo.Name =~ ProcessNameRegex  AND ProcInfo.Username =~ UsernameRegex  AND ProcInfo.Exe =~ ProcessPathRegex  AND ProcInfo.CommandLine =~ CommandLineRegex  AND CallChain =~ CallChainRegex"
     },
     {
      "Name": "Linux.Network.NetstatEnriched",
      "VQL": "SELECT * FROM if(then=Linux_Network_NetstatEnriched_0_0, condition=precondition_Linux_Network_NetstatEnriched_0, else={SELECT * FROM scope() WHERE log(message='Query skipped due to precondition') AND FALSE})"
     }
    ],
    "max_row": 1000
   }
  },
  {
   "session_id": "F.CPUDLHN0NJEEI",
   "request_id": 5,
   "VQLClientAction": {
    "query_id": 5,
    "total_queries": 18,
    "precondition": "SELECT OS From info() where OS = 'linux'\n",
    "env": [
     {
      "key": "ProcModules",
      "value": "/proc/modules"
     }
    ],
    "Query": [
     {
      "VQL": "LET precondition_Linux_Proc_Modules_0 = SELECT OS From info() where OS = 'linux'\n"
     },
     {
      "VQL": "LET Linux_Proc_Modules_0_0 = SELECT Name, atoi(string=Size) AS Size, atoi(string=UseCount) AS UseCount, parse_string_with_regex(regex='''(?P\u003cUsedBy\u003e.*),''', string=UsedBy).UsedBy AS UsedBy, Status, Address FROM split_records(filenames=ProcModules, regex='\\\\s+', columns=['Name', 'Size', 'UseCount', 'UsedBy', 'Status', 'Address'])"
     },
     {
      "Name": "Linux.Proc.Modules",
      "VQL": "SELECT * FROM if(then=Linux_Proc_Modules_0_0, condition=precondition_Linux_Proc_Modules_0, else={SELECT * FROM scope() WHERE log(message='Query skipped due to precondition') AND FALSE})"
     }
    ],
    "max_row": 1000
   }
  },
  {
   "session_id": "F.CPUDLHN0NJEEI",
   "request_id": 6,
   "VQLClientAction": {
    "query_id": 6,
    "total_queries": 18,
    "precondition": "SELECT OS From info() where OS = 'linux'\n",
    "env": [
     {
      "key": "sshKeyFiles",
      "value": ".ssh/authorized_keys*"
     }
    ],
    "Query": [
     {
      "VQL": "LET precondition_Linux_Ssh_AuthorizedKeys_0 = SELECT OS From info() where OS = 'linux'\n"
     },
     {
      "VQL": "LET authorized_keys = SELECT * FROM foreach(row={ SELECT Uid, User, Homedir FROM Artifact.Linux.Sys.Users() }, query={ SELECT OSPath, Mtime, Ctime, User, Uid FROM glob(root=Homedir, globs=sshKeyFiles) })"
     },
     {
      "VQL": "LET Linux_Ssh_AuthorizedKeys_0_1 = SELECT * FROM foreach(row=authorized_keys, query={ SELECT Uid, User, OSPath, Key, Comment, Mtime FROM split_records(filenames=OSPath, regex=\" +\", columns=[\"Type\", \"Key\", \"Comment\"]) WHERE Type =~ \"ssh\" })"
     },
     {
      "Name": "Linux.Ssh.AuthorizedKeys",
      "VQL": "SELECT * FROM if(then=Linux_Ssh_AuthorizedKeys_0_1, condition=precondition_Linux_Ssh_AuthorizedKeys_0, else={SELECT * FROM scope() WHERE log(message='Query skipped due to precondition') AND FALSE})"
     }
    ],
    "max_row": 1000,
    "artifacts": [
     {
      "name": "Linux.Sys.Users",
      "parameters": [
       {
        "name": "PasswordFile",
        "default": "/etc/passwd"
       }
      ],
      "type": "client",
      "sources": [
       {
        "precondition": "SELECT OS FROM info() WHERE OS = 'linux'",
        "queries": [
         "SELECT User, Description, Uid, Gid, Homedir, Shell FROM split_records(filenames=PasswordFile, regex=\":\", record_regex=\"\\r?\\n\", columns=[\"User\", \"X\", \"Uid\", \"Gid\", \"Description\", \"Homedir\", \"Shell\"])"
        ]
       }
      ]
     }
    ]
   }
  },
  {
   "session_id": "F.CPUDLHN0NJEEI",
   "request_id": 7,
   "VQLClientAction": {
    "query_id": 7,
    "total_queries": 18,
    "precondition": "SELECT OS From info() where OS = 'linux'",
    "env": [
     {
      "key": "sshKnownHostsFiles",
      "value": ".ssh/known_hosts*"
     }
    ],
    "Query": [
     {
      "VQL": "LET precondition_Linux_Ssh_KnownHosts_0 = SELECT OS From info() where OS = 'linux'"
     },
     {
      "VQL": "LET authorized_keys = SELECT * FROM foreach(row={ SELECT Uid, User, Homedir FROM Artifact.Linux.Sys.Users() }, query={ SELECT OSPath, Mtime, Ctime, User, Uid FROM glob(globs=sshKnownHostsFiles, root=Homedir) })"
     },
     {
      "VQL": "LET Linux_Ssh_KnownHosts_0_1 = SELECT * FROM foreach(row=authorized_keys, query={ SELECT Uid, User, OSPath, Hostname, Type, PublicKey FROM split_records(filenames=OSPath, regex=\" \", record_regex=\"\\n\", columns=[\"Hostname\", \"Type\", \"PublicKey\"]) WHERE NOT Hostname =~ \"^[^#]+#\" })"
     },
     {
      "Name": "Linux.Ssh.KnownHosts",
      "VQL": "SELECT * FROM if(then=Linux_Ssh_KnownHosts_0_1, condition=precondition_Linux_Ssh_KnownHosts_0, else={SELECT * FROM scope() WHERE log(message='Query skipped due to precondition') AND FALSE})"
     },
     {
      "VQL": "LET precondition_Linux_Ssh_KnownHosts_HostPublicKeys_1 = SELECT OS From info() where OS = 'linux'"
     },
     {
      "VQL": "LET Me \u003c= SELECT * FROM info()"
     },
     {
      "VQL": "LET Linux_Ssh_KnownHosts_HostPublicKeys_1_1 = SELECT * FROM foreach(row={ SELECT OSPath FROM glob(globs=\"/etc/ssh/ssh_host*.pub\") }, query={ SELECT *, Me[0].Fqdn AS Fqdn FROM split_records(columns=[\"Type\", \"PublicKey\", \"KeyName\"], filenames=OSPath, regex=\" +\") })"
     },
     {
      "Name": "Linux.Ssh.KnownHosts/HostPublicKeys",
      "VQL": "SELECT * FROM if(then=Linux_Ssh_KnownHosts_HostPublicKeys_1_1, condition=precondition_Linux_Ssh_KnownHosts_HostPublicKeys_1, else={SELECT * FROM scope() WHERE log(message='Query skipped due to precondition') AND FALSE})"
     }
    ],
    "max_row": 1000,
    "artifacts": [
     {
      "name": "Linux.Sys.Users",
      "parameters": [
       {
        "name": "PasswordFile",
        "default": "/etc/passwd"
       }
      ],
      "type": "client",
      "sources": [
       {
        "precondition": "SELECT OS FROM info() WHERE OS = 'linux'",
        "queries": [
         "SELECT User, Description, Uid, Gid, Homedir, Shell FROM split_records(filenames=PasswordFile, regex=\":\", record_regex=\"\\r?\\n\", columns=[\"User\", \"X\", \"Uid\", \"Gid\", \"Description\", \"Homedir\", \"Shell\"])"
        ]
       }
      ]
     }
    ]
   }
  },
  {
   "session_id": "F.CPUDLHN0NJEEI",
   "request_id": 8,
   "VQLClientAction": {
    "query_id": 8,
    "total_queries": 18,
    "env": [
     {
      "key": "TargetGlob",
      "value": "/{root,home/*}/.*_history"
     },
     {
      "key": "SearchRegex",
      "value": "."
     },
     {
      "key": "WhitelistRegex"
     }
    ],
    "Query": [
     {
      "VQL": "LET files = SELECT OSPath FROM glob(globs=TargetGlob)"
     },
     {
      "VQL": "LET Linux_Sys_BashHistory_0_1 = SELECT * FROM foreach(row=files, query={ SELECT Line, OSPath FROM parse_lines(filename=OSPath) WHERE Line =~ SearchRegex  AND NOT if(condition=WhitelistRegex, then=Line =~ WhitelistRegex, else=FALSE) })"
     },
     {
      "Name": "Linux.Sys.BashHistory",
      "VQL": "SELECT * FROM Linux_Sys_BashHistory_0_1"
     }
    ],
    "max_row": 1000
   }
  },
  {
   "session_id": "F.CPUDLHN0NJEEI",
   "request_id": 9,
   "VQLClientAction": {
    "query_id": 9,
    "total_queries": 18,
    "precondition": "SELECT OS From info() where OS = 'linux'",
    "env": [
     {
      "key": "cronTabGlob",
      "value": "/etc/crontab,/etc/cron.d/**,/var/at/tabs/**,/var/spool/cron/**,/var/spool/cron/crontabs/**"
     },
     {
      "key": "cronTabScripts",
      "value": "/etc/cron.daily/*,/etc/cron.hourly/*,/etc/cron.monthly/*,/etc/cron.weekly/*"
     },
     {
      "key": "Length",
      "value": "Null"
     }
    ],
    "Query": [
     {
      "VQL": "LET Length \u003c= int(int=Length)"
     },
     {
      "VQL": "LET precondition_Linux_Sys_Crontab_CronTabs_0 = SELECT OS From info() where OS = 'linux'"
     },
     {
      "VQL": "LET raw = SELECT * FROM foreach(row={ SELECT OSPath FROM glob(globs=split(string=cronTabGlob, sep=\",\")) }, query={ SELECT OSPath, data, parse_string_with_regex(string=data, regex=[\"^(?P\u003cEvent\u003e@[a-zA-Z]+)\\\\s+(?P\u003cCommand\u003e.+)\", \"^(?P\u003cMinute\u003e[^\\\\s]+)\\\\s+\" + \"(?P\u003cHour\u003e[^\\\\s]+)\\\\s+\" + \"(?P\u003cDayOfMonth\u003e[^\\\\s]+)\\\\s+\" + \"(?P\u003cMonth\u003e[^\\\\s]+)\\\\s+\" + \"(?P\u003cDayOfWeek\u003e[^\\\\s]+)\\\\s+\" + \"(?P\u003cUser\u003e[^\\\\s]+)\\\\s+\" + \"(?P\u003cCommand\u003e.+)$\"]) AS Record FROM split_records(filenames=OSPath, regex=\"\\n\", columns=[\"data\"]) WHERE NOT data =~ \"^\\\\s*#\" }) WHERE Record.Command"
     },
     {
      "VQL": "LET Linux_Sys_Crontab_CronTabs_0_1 = SELECT Record.Event AS Event, Record.User AS User, Record.Minute AS Minute, Record.Hour AS Hour, Record.DayOfMonth AS DayOfMonth, Record.Month AS Month, Record.DayOfWeek AS DayOfWeek, Record.Command AS Command, OSPath AS Path FROM raw"
     },
     {
      "Name": "Linux.Sys.Crontab/CronTabs",
      "VQL": "SELECT * FROM if(then=Linux_Sys_Crontab_CronTabs_0_1, condition=precondition_Linux_Sys_Crontab_CronTabs_0, else={SELECT * FROM scope() WHERE log(message='Query skipped due to precondition') AND FALSE})"
     },
     {
      "VQL": "LET precondition_Linux_Sys_Crontab_CronScripts_1 = SELECT OS From info() where OS = 'linux'"
     },
     {
      "VQL": "LET Linux_Sys_Crontab_CronScripts_1_0 = SELECT Mtime, OSPath, read_file(filename=OSPath, length=Length) AS Content FROM glob(globs=split(string=cronTabScripts, sep=\",\"))"
     },
     {
      "Name": "Linux.Sys.Crontab/CronScripts",
      "VQL": "SELECT * FROM if(then=Linux_Sys_Crontab_CronScripts_1_0, condition=precondition_Linux_Sys_Crontab_CronScripts_1, else={SELECT * FROM scope() WHERE log(message='Query skipped due to precondition') AND FALSE})"
     },
     {
      "VQL": "LET precondition_Linux_Sys_Crontab_Uploaded_2 = SELECT OS From info() where OS = 'linux'"
     },
     {
      "VQL": "LET Linux_Sys_Crontab_Uploaded_2_0 = SELECT OSPath, upload(file=OSPath) AS Upload FROM glob(globs=split(string=cronTabGlob + \",\" + cronTabScripts, sep=\",\"))"
     },
     {
      "Name": "Linux.Sys.Crontab/Uploaded",
      "VQL": "SELECT * FROM if(then=Linux_Sys_Crontab_Uploaded_2_0, condition=precondition_Linux_Sys_Crontab_Uploaded_2, else={SELECT * FROM scope() WHERE log(message='Query skipped due to precondition') AND FALSE})"
     }
    ],
    "max_row": 1000
   }
  },
  {
   "session_id": "F.CPUDLHN0NJEEI",
   "request_id": 10,
   "VQLClientAction": {
    "query_id": 10,
    "total_queries": 18,
    "precondition": "SELECT OS From info() where OS = 'linux'\n",
    "env": [
     {
      "key": "GroupFile",
      "value": "/etc/group"
     }
    ],
    "Query": [
     {
      "VQL": "LET precondition_Linux_Sys_Groups_0 = SELECT OS From info() where OS = 'linux'\n"
     },
     {
      "VQL": "LET Linux_Sys_Groups_0_0 = SELECT Group, int(int=GID) AS GID, filter(regex='.+', list=split(sep_string=',', string=Members)) AS Members FROM split_records(filenames=GroupFile, regex=':', record_regex='\\r?\\n', columns=['Group', 'Password', 'GID', 'Members'])"
     },
     {
      "Name": "Linux.Sys.Groups",
      "VQL": "SELECT * FROM if(then=Linux_Sys_Groups_0_0, condition=precondition_Linux_Sys_Groups_0, else={SELECT * FROM scope() WHERE log(message='Query skipped due to precondition') AND FALSE})"
     }
    ],
    "max_row": 1000
   }
  },
  {
   "session_id": "F.CPUDLHN0NJEEI",
   "request_id": 11,
   "VQLClientAction": {
    "query_id": 11,
    "total_queries": 18,
    "precondition": "SELECT OS From info() where OS = 'linux'\n",
    "env": [
     {
      "key": "wtmpGlobs",
      "value": "/var/log/wtmp*"
     },
     {
      "key": "MaxCount",
      "value": "Null"
     },
     {
      "key": "LoginType",
      "value": "Interactive Sessions"
     },
     {
      "key": "recent_x_days",
      "value": "Null"
     },
     {
      "key": "excluded_users",
      "value": "ansible|LOGIN"
     }
    ],
    "Query": [
     {
      "VQL": "LET MaxCount \u003c= int(int=MaxCount)"
     },
     {
      "VQL": "LET recent_x_days \u003c= int(int=recent_x_days)"
     },
     {
      "VQL": "LET FilterLookup = dict(`Interactive Sessions`=\"USER_PROCESS|LOGIN_PROCESS\", `All Sessions`=\"RUN_LVL|BOOT_TIME|INIT_PROCESS|LOGIN_PROCESS|USER_PROCESS\")"
     },
     {
      "VQL": "LET wtmpProfile \u003c= '''\n[\n  [\"Header\", 0, [\n\n  [\"records\", 0, \"Array\", {\n      \"type\": \"utmp\",\n      \"count\": \"x=\u003eMaxCount\",\n      \"max_count\": 100000,\n  }],\n  ]],\n  [\"utmp\", 384, [\n      [\"ut_type\", 0, \"Enumeration\", {\n          \"type\": \"short int\",\n          \"choices\": {\n             \"0\": \"EMPTY\",\n             \"1\": \"RUN_LVL\",\n             \"2\": \"BOOT_TIME\",\n             \"5\": \"INIT_PROCESS\",\n             \"6\": \"LOGIN_PROCESS\",\n             \"7\": \"USER_PROCESS\",\n             \"8\": \"DEAD_PROCESS\"\n           }\n        }],\n      [\"ut_pid\", 4, \"int\"],\n      [\"ut_terminal\", 8, \"String\", {\"length\": 32}],\n      [\"ut_terminal_identifier\", 40, \"String\", {\"length\": 4}],\n      [\"ut_user\", 44, \"String\", {\"length\": 32}],\n      [\"ut_hostname\", 76, \"String\", {\"length\": 256}],\n      [\"ut_termination_status\", 332, \"int\"],\n      [\"ut_exit_status\", 334, \"int\"],\n      [\"ut_session\", 336, \"int\"],\n      [\"ut_timestamp\", 340, \"Timestamp\", {\n          \"type\": \"uint32\",\n      }],\n      [\"ut_ip_address\", 348, \"int64\"],\n  ]\n  ]\n  ]]\n  ]'''"
     },
     {
      "VQL": "LET precondition_Linux_Sys_LastUserLogin_0 = SELECT OS From info() where OS = 'linux'\n"
     },
     {
      "VQL": "LET LoginType \u003c= get(item=FilterLookup, field=LoginType) || LoginType"
     },
     {
      "VQL": "LET start_time \u003c= timestamp(epoch=now() - recent_x_days * 3600 * 24)"
     },
     {
      "VQL": "LET _ \u003c= log(message=\"Start time %v\", args=start_time)"
     },
     {
      "VQL": "LET parsed = SELECT OSPath, parse_binary(filename=OSPath, profile=wtmpProfile, struct=\"Header\") AS Parsed FROM glob(globs=split(string=wtmpGlobs, sep=\",\"))"
     },
     {
      "VQL": "LET logout_table \u003c= SELECT * FROM foreach(row=parsed, query={ SELECT * FROM foreach(row=Parsed.records, query={ SELECT ut_type AS logout_Type, ut_pid AS logout_PID, ut_terminal AS logout_Terminal, ut_timestamp AS logout_time FROM scope() WHERE logout_Type = \"DEAD_PROCESS\"  AND logout_time \u003e start_time }) }) ORDER BY logout_time DESC "
     },
     {
      "VQL": "LET Linux_Sys_LastUserLogin_0_5 = SELECT * FROM foreach(row=parsed, query={ SELECT * FROM foreach(row=Parsed.records, query={ SELECT OSPath, ut_type AS login_Type, ut_id AS login_ID, ut_pid AS login_PID, ut_hostname AS login_Host, ut_user AS login_User, ip(netaddr4_le=ut_ip_address) AS login_IpAddr, ut_terminal AS login_Terminal, ut_timestamp AS login_time, { SELECT logout_time FROM logout_table WHERE ut_pid = logout_PID  AND ut_terminal = logout_Terminal  AND ut_timestamp \u003c logout_time LIMIT 1  } AS logout_time FROM scope() WHERE login_Type =~ LoginType  AND NOT login_User =~ excluded_users  AND login_time \u003e start_time }) })"
     },
     {
      "Name": "Linux.Sys.LastUserLogin",
      "VQL": "SELECT * FROM if(then=Linux_Sys_LastUserLogin_0_5, condition=precondition_Linux_Sys_LastUserLogin_0, else={SELECT * FROM scope() WHERE log(message='Query skipped due to precondition') AND FALSE})"
     }
    ],
    "max_row": 1000
   }
  },
  {
   "session_id": "F.CPUDLHN0NJEEI",
   "request_id": 12,
   "VQLClientAction": {
    "query_id": 12,
    "total_queries": 18,
    "precondition": "SELECT OS From info() where OS =~ 'linux|darwin'\n",
    "env": [
     {
      "key": "processRegex",
      "value": "."
     }
    ],
    "Query": [
     {
      "VQL": "LET precondition_Linux_Sys_Pslist_0 = SELECT OS From info() where OS =~ 'linux|darwin'\n"
     },
     {
      "VQL": "LET Linux_Sys_Pslist_0_0 = SELECT Pid, Ppid, Name, CommandLine, Exe, hash(path=Exe) AS Hash, Username, timestamp(epoch=CreateTime / 1000) AS CreatedTime, MemoryInfo.RSS AS RSS, Exe =~ \"\\\\(deleted\\\\)$\" AS Deleted FROM process_tracker_pslist() WHERE Name =~ processRegex"
     },
     {
      "Name": "Linux.Sys.Pslist",
      "VQL": "SELECT * FROM if(then=Linux_Sys_Pslist_0_0, condition=precondition_Linux_Sys_Pslist_0, else={SELECT * FROM scope() WHERE log(message='Query skipped due to precondition') AND FALSE})"
     }
    ],
    "max_row": 1000
   }
  },
  {
   "session_id": "F.CPUDLHN0NJEEI",
   "request_id": 13,
   "VQLClientAction": {
    "query_id": 13,
    "total_queries": 18,
    "precondition": "SELECT OS From info() where OS = 'linux'\n",
    "Query": [
     {
      "VQL": "LET precondition_Linux_Sys_Services_0 = SELECT OS From info() where OS = 'linux'\n"
     },
     {
      "VQL": "LET services = SELECT Stdout FROM execve(argv=['systemctl', 'list-units', '--type=service'])"
     },
     {
      "VQL": "LET all_services = SELECT grok(grok=\"%{NOTSPACE:Unit}%{SPACE}%{NOTSPACE:Load}%{SPACE}%{NOTSPACE:Active}%{SPACE}%{NOTSPACE:Sub}%{SPACE}%{GREEDYDATA:Description}\", data=Line) AS Parsed FROM parse_lines(accessor=\"data\", filename=services.Stdout)"
     },
     {
      "VQL": "LET Linux_Sys_Services_0_2 = SELECT * FROM foreach(row=all_services, column=\"Parsed\") WHERE Unit =~ \".service\""
     },
     {
      "Name": "Linux.Sys.Services",
      "VQL": "SELECT * FROM if(then=Linux_Sys_Services_0_2, condition=precondition_Linux_Sys_Services_0, else={SELECT * FROM scope() WHERE log(message='Query skipped due to precondition') AND FALSE})"
     }
    ],
    "max_row": 1000
   }
  },
  {
   "session_id": "F.CPUDLHN0NJEEI",
   "request_id": 14,
   "VQLClientAction": {
    "query_id": 14,
    "total_queries": 18,
    "precondition": "SELECT OS From info() where OS = 'linux'\n",
    "env": [
     {
      "key": "PasswordFile",
      "value": "/etc/passwd"
     }
    ],
    "Query": [
     {
      "VQL": "LET precondition_Linux_Sys_Users_0 = SELECT OS From info() where OS = 'linux'\n"
     },
     {
      "VQL": "LET Linux_Sys_Users_0_0 = SELECT User, Description, Uid, Gid, Homedir, Shell FROM split_records(filenames=PasswordFile, regex=\":\", record_regex=\"\\r?\\n\", columns=[\"User\", \"X\", \"Uid\", \"Gid\", \"Description\", \"Homedir\", \"Shell\"])"
     },
     {
      "Name": "Linux.Sys.Users",
      "VQL": "SELECT * FROM if(then=Linux_Sys_Users_0_0, condition=precondition_Linux_Sys_Users_0, else={SELECT * FROM scope() WHERE log(message='Query skipped due to precondition') AND FALSE})"
     }
    ],
    "max_row": 1000
   }
  },
  {
   "session_id": "F.CPUDLHN0NJEEI",
   "request_id": 15,
   "VQLClientAction": {
    "query_id": 15,
    "total_queries": 18,
    "env": [
     {
      "key": "syslogPath",
      "value": "/var/log/syslog"
     },
     {
      "key": "sysmonGrok",
      "value": "%{SYSLOGTIMESTAMP:Timestamp} (?:%{SYSLOGFACILITY} )?%{SYSLOGHOST:logsource} %{SYSLOGPROG}: %{GREEDYDATA:event}"
     },
     {
      "key": "StartDate"
     },
     {
      "key": "EndDate"
     },
     {
      "key": "IDRegex",
      "value": "."
     }
    ],
    "Query": [
     {
      "VQL": "LET StartDate \u003c= timestamp(epoch=StartDate)"
     },
     {
      "VQL": "LET EndDate \u003c= timestamp(epoch=EndDate)"
     },
     {
      "VQL": "LET UnparsedEvents = SELECT * FROM foreach(row={ SELECT * FROM glob(globs=syslogPath) }, query={ SELECT grok(grok=sysmonGrok, data=Line) AS Event, FullPath FROM parse_lines(filename=FullPath) WHERE Event.program = \"sysmon\"  AND Event.event =~ \"\u003cEvent\u003e\" })"
     },
     {
      "VQL": "LET ParsedEvents = SELECT parse_xml(accessor='data', file=Event.event).Event AS Event FROM UnparsedEvents"
     },
     {
      "VQL": "LET Linux_Sysinternals_Sysmon_0_2 = SELECT timestamp(string=Event.System.TimeCreated.AttrSystemTime) AS TimeCreated, Event.System.EventID AS EventID, Event.System.Channel AS _Channel, Event.System.EventRecordID AS EventRecordID, Event.System.EventID AS EventID, Event.System.Computer AS Computer, Event.System AS System, to_dict(item={ SELECT AttrName AS _key, `#text` AS _value FROM Event.EventData.Data }) AS EventData FROM ParsedEvents WHERE if(condition=StartDate, then=TimeCreated \u003e= timestamp(string=StartDate), else=true)  AND if(condition=EndDate, then=TimeCreated \u003c= timestamp(string=EndDate), else=true)  AND str(str=EventID) =~ IDRegex"
     },
     {
      "Name": "Linux.Sysinternals.Sysmon",
      "VQL": "SELECT * FROM Linux_Sysinternals_Sysmon_0_2"
     }
    ],
    "max_row": 1000
   }
  },
  {
   "session_id": "F.CPUDLHN0NJEEI",
   "request_id": 16,
   "VQLClientAction": {
    "query_id": 16,
    "total_queries": 18,
    "env": [
     {
      "key": "syslogAuthLogPath",
      "value": "/var/log/{auth.log,secure}*"
     },
     {
      "key": "SSHGrok",
      "value": "%{SYSLOGTIMESTAMP:Timestamp} (?:%{SYSLOGFACILITY} )?%{SYSLOGHOST:logsource} %{SYSLOGPROG}: %{DATA:event} %{DATA:method} for (invalid user )?%{DATA:user} from %{IPORHOST:ip} port %{NUMBER:port} ssh2(: %{GREEDYDATA:system.auth.ssh.signature})?"
     }
    ],
    "Query": [
     {
      "VQL": "LET Linux_Syslog_SSHLogin_0_0 = SELECT timestamp(string=Event.Timestamp) AS Time, Event.ip AS IP, Event.event AS Result, Event.method AS Method, Event.user AS AttemptedUser, OSPath FROM foreach(row={ SELECT OSPath FROM glob(globs=syslogAuthLogPath) }, query={ SELECT grok(grok=SSHGrok, data=Line) AS Event, OSPath FROM parse_lines(filename=OSPath) WHERE Event.program = \"sshd\" })"
     },
     {
      "Name": "Linux.Syslog.SSHLogin",
      "VQL": "SELECT * FROM Linux_Syslog_SSHLogin_0_0"
     }
    ],
    "max_row": 1000
   }
  },
  {
   "session_id": "F.CPUDLHN0NJEEI",
   "request_id": 17,
   "VQLClientAction": {
    "query_id": 17,
    "total_queries": 18,
    "precondition": "SELECT OS\nFROM info()\nWHERE OS = 'linux'\n",
    "env": [
     {
      "key": "NonInteractiveExecutables"
     }
    ],
    "Query": [
     {
      "VQL": "LET precondition_Linux_Users_InteractiveUsers_0 = SELECT OS\nFROM info()\nWHERE OS = 'linux'\n"
     },
     {
      "VQL": "LET Linux_Users_InteractiveUsers_0_0 = SELECT Fqdn AS Host, User, Description, Uid, Gid, Homedir, Shell FROM Artifact.Linux.Sys.Users() WHERE NOT Shell IN split(string=NonInteractiveExecutables, sep_string=\",\")"
     },
     {
      "Name": "Linux.Users.InteractiveUsers",
      "VQL": "SELECT * FROM if(then=Linux_Users_InteractiveUsers_0_0, condition=precondition_Linux_Users_InteractiveUsers_0, else={SELECT * FROM scope() WHERE log(message='Query skipped due to precondition') AND FALSE})"
     }
    ],
    "max_row": 1000,
    "artifacts": [
     {
      "name": "Linux.Sys.Users",
      "parameters": [
       {
        "name": "PasswordFile",
        "default": "/etc/passwd"
       }
      ],
      "type": "client",
      "sources": [
       {
        "precondition": "SELECT OS FROM info() WHERE OS = 'linux'",
        "queries": [
         "SELECT User, Description, Uid, Gid, Homedir, Shell FROM split_records(filenames=PasswordFile, regex=\":\", record_regex=\"\\r?\\n\", columns=[\"User\", \"X\", \"Uid\", \"Gid\", \"Description\", \"Homedir\", \"Shell\"])"
        ]
       }
      ]
     }
    ]
   }
  },
  {
   "session_id": "F.CPUDLHN0NJEEI",
   "request_id": 18,
   "VQLClientAction": {
    "query_id": 18,
    "total_queries": 18,
    "precondition": "SELECT OS\nFROM info()\nWHERE OS = 'linux'\n",
    "Query": [
     {
      "VQL": "LET precondition_Linux_Users_RootUsers_0 = SELECT OS\nFROM info()\nWHERE OS = 'linux'\n"
     },
     {
      "VQL": "LET Linux_Users_RootUsers_0_0 = SELECT * FROM foreach(row={ SELECT * FROM Artifact.Linux.Sys.Users() }, query={ SELECT Fqdn AS Host, User, Description, Uid, Gid, Homedir, Shell FROM execve(argv=[\"id\", \"-Gn\", User]) WHERE ReturnCode = 0  AND Stdout =~ \"root\" })"
     },
     {
      "Name": "Linux.Users.RootUsers",
      "VQL": "SELECT * FROM if(then=Linux_Users_RootUsers_0_0, condition=precondition_Linux_Users_RootUsers_0, else={SELECT * FROM scope() WHERE log(message='Query skipped due to precondition') AND FALSE})"
     }
    ],
    "max_row": 1000,
    "artifacts": [
     {
      "name": "Linux.Sys.Users",
      "parameters": [
       {
        "name": "PasswordFile",
        "default": "/etc/passwd"
       }
      ],
      "type": "client",
      "sources": [
       {
        "precondition": "SELECT OS FROM info() WHERE OS = 'linux'",
        "queries": [
         "SELECT User, Description, Uid, Gid, Homedir, Shell FROM split_records(filenames=PasswordFile, regex=\":\", record_regex=\"\\r?\\n\", columns=[\"User\", \"X\", \"Uid\", \"Gid\", \"Description\", \"Homedir\", \"Shell\"])"
        ]
       }
      ]
     }
    ]
   }
  }
 ]
}