{"Timestamp":"2024-06-27T03:21:47.236339309Z","started":"2024-06-27 03:21:47.236342759 +0000 UTC","vfs_path":"/var/log/dpkg.log","_Components":["uploads","auto","var","log","dpkg.log"],"file_size":4677,"uploaded_size":4677,"Type":""}
{"Timestamp":"2024-06-27T03:21:47.236493843Z","started":"2024-06-27 03:21:47.236494891 +0000 UTC","vfs_path":"/var/log/apt/history.log","_Components":["uploads","auto","var","log","apt","history.log"],"file_size":566,"uploaded_size":566,"Type":""}
{"Timestamp":"2024-06-27T03:21:47.236526338Z","started":"2024-06-27 03:21:47.236527067 +0000 UTC","vfs_path":"/var/log/apt/term.log","_Components":["uploads","auto","var","log","apt","term.log"],"file_size":3734,"uploaded_size":3734,"Type":""}
{"Timestamp":"2024-06-27T03:21:47.236568722Z","started":"2024-06-27 03:21:47.236569376 +0000 UTC","vfs_path":"/var/log/auth.log","_Components":["uploads","auto","var","log","auth.log"],"file_size":17491,"uploaded_size":17491,"Type":""}
{"Timestamp":"2024-06-27T03:21:47.236606799Z","started":"2024-06-27 03:21:47.236607543 +0000 UTC","vfs_path":"/var/log/kern.log","_Components":["uploads","auto","var","log","kern.log"],"file_size":127139,"uploaded_size":127139,"Type":""}
{"Timestamp":"2024-06-27T03:21:47.236644798Z","started":"2024-06-27 03:21:47.236645536 +0000 UTC","vfs_path":"/var/log/lastlog","_Components":["uploads","auto","var","log","lastlog"],"file_size":292292,"uploaded_size":292292,"Type":""}
{"Timestamp":"2024-06-27T03:21:47.236682572Z","started":"2024-06-27 03:21:47.236683176 +0000 UTC","vfs_path":"/var/log/journal/7e0d8178c23c4baab9846b5fd29698ab/system.journal","_Components":["uploads","auto","var","log","journal","7e0d8178c23c4baab9846b5fd29698ab","system.journal"],"file_size":8388608,"uploaded_size":8388608,"Type":""}
{"Timestamp":"2024-06-27T03:21:47.236720659Z","started":"2024-06-27 03:21:47.236721283 +0000 UTC","vfs_path":"/var/log/journal/7e0d8178c23c4baab9846b5fd29698ab/user-1000.journal","_Components":["uploads","auto","var","log","journal","7e0d8178c23c4baab9846b5fd29698ab","user-1000.journal"],"file_size":8388608,"uploaded_size":8388608,"Type":""}
{"Timestamp":"2024-06-27T03:21:47.236764128Z","started":"2024-06-27 03:21:47.236764699 +0000 UTC","vfs_path":"/var/log/journal/7e0d8178c23c4baab9846b5fd29698ab/system@00061bd688ac1c29-f5e2df012f9027ff.journal~","_Components":["uploads","auto","var","log","journal","7e0d8178c23c4baab9846b5fd29698ab","system@00061bd688ac1c29-f5e2df012f9027ff.journal~"],"file_size":8388608,"uploaded_size":8388608,"Type":""}
{"Timestamp":"2024-06-27T03:21:47.236806256Z","started":"2024-06-27 03:21:47.236806834 +0000 UTC","vfs_path":"/var/log/journal/c5d9f029ac2a4328a7645ba2ba8453ef/system.journal","_Components":["uploads","auto","var","log","journal","c5d9f029ac2a4328a7645ba2ba8453ef","system.journal"],"file_size":8388608,"uploaded_size":8388608,"Type":""}
{"Timestamp":"2024-06-27T03:21:47.236847001Z","started":"2024-06-27 03:21:47.236847551 +0000 UTC","vfs_path":"/var/log/journal/c5d9f029ac2a4328a7645ba2ba8453ef/user-1000.journal","_Components":["uploads","auto","var","log","journal","c5d9f029ac2a4328a7645ba2ba8453ef","user-1000.journal"],"file_size":8388608,"uploaded_size":8388608,"Type":""}
{"Timestamp":"2024-06-27T03:21:47.23688321Z","started":"2024-06-27 03:21:47.236883794 +0000 UTC","vfs_path":"/var/log/btmp","_Components":["uploads","auto","var","log","btmp"],"file_size":0,"uploaded_size":0,"Type":""}
{"Timestamp":"2024-06-27T03:21:47.236920126Z","started":"2024-06-27 03:21:47.236920707 +0000 UTC","vfs_path":"/var/log/wtmp","_Components":["uploads","auto","var","log","wtmp"],"file_size":4224,"uploaded_size":4224,"Type":""}
{"Timestamp":"2024-06-27T03:21:47.236956297Z","started":"2024-06-27 03:21:47.23695687 +0000 UTC","vfs_path":"/var/run/utmp","_Components":["uploads","auto","var","run","utmp"],"file_size":1152,"uploaded_size":1152,"Type":""}
{"Timestamp":"2024-06-27T03:21:47.236992145Z","started":"2024-06-27 03:21:47.23699276 +0000 UTC","vfs_path":"/etc/crontab","_Components":["uploads","auto","etc","crontab"],"file_size":1258,"uploaded_size":1258,"Type":""}
{"Timestamp":"2024-06-27T03:21:47.237026549Z","started":"2024-06-27 03:21:47.237027132 +0000 UTC","vfs_path":"/etc/cron.weekly/.placeholder","_Components":["uploads","auto","etc","cron.weekly",".placeholder"],"file_size":102,"uploaded_size":102,"Type":""}
{"Timestamp":"2024-06-27T03:21:47.237064354Z","started":"2024-06-27 03:21:47.237065914 +0000 UTC","vfs_path":"/etc/cron.weekly/man-db","_Components":["uploads","auto","etc","cron.weekly","man-db"],"file_size":813,"uploaded_size":813,"Type":""}
{"Timestamp":"2024-06-27T03:21:47.237103116Z","started":"2024-06-27 03:21:47.237103688 +0000 UTC","vfs_path":"/etc/cron.d/.placeholder","_Components":["uploads","auto","etc","cron.d",".placeholder"],"file_size":102,"uploaded_size":102,"Type":""}
{"Timestamp":"2024-06-27T03:21:47.237138951Z","started":"2024-06-27 03:21:47.237139539 +0000 UTC","vfs_path":"/etc/cron.d/e2scrub_all","_Components":["uploads","auto","etc","cron.d","e2scrub_all"],"file_size":201,"uploaded_size":201,"Type":""}
{"Timestamp":"2024-06-27T03:21:47.237174348Z","started":"2024-06-27 03:21:47.237174902 +0000 UTC","vfs_path":"/etc/cron.daily/.placeholder","_Components":["uploads","auto","etc","cron.daily",".placeholder"],"file_size":102,"uploaded_size":102,"Type":""}
{"Timestamp":"2024-06-27T03:21:47.237211099Z","started":"2024-06-27 03:21:47.237211686 +0000 UTC","vfs_path":"/etc/cron.daily/apport","_Components":["uploads","auto","etc","cron.daily","apport"],"file_size":376,"uploaded_size":376,"Type":""}
{"Timestamp":"2024-06-27T03:21:47.237245841Z","started":"2024-06-27 03:21:47.237246518 +0000 UTC","vfs_path":"/etc/cron.daily/apt-compat","_Components":["uploads","auto","etc","cron.daily","apt-compat"],"file_size":1478,"uploaded_size":1478,"Type":""}
{"Timestamp":"2024-06-27T03:21:47.237279537Z","started":"2024-06-27 03:21:47.237280118 +0000 UTC","vfs_path":"/etc/cron.daily/bsdmainutils","_Components":["uploads","auto","etc","cron.daily","bsdmainutils"],"file_size":355,"uploaded_size":355,"Type":""}
{"Timestamp":"2024-06-27T03:21:47.237314629Z","started":"2024-06-27 03:21:47.237315396 +0000 UTC","vfs_path":"/etc/cron.daily/dpkg","_Components":["uploads","auto","etc","cron.daily","dpkg"],"file_size":1187,"uploaded_size":1187,"Type":""}
{"Timestamp":"2024-06-27T03:21:47.237349175Z","started":"2024-06-27 03:21:47.237353749 +0000 UTC","vfs_path":"/etc/cron.daily/logrotate","_Components":["uploads","auto","etc","cron.daily","logrotate"],"file_size":377,"uploaded_size":377,"Type":""}
{"Timestamp":"2024-06-27T03:21:47.237588492Z","started":"2024-06-27 03:21:47.237590722 +0000 UTC","vfs_path":"/etc/cron.daily/man-db","_Components":["uploads","auto","etc","cron.daily","man-db"],"file_size":1123,"uploaded_size":1123,"Type":""}
{"Timestamp":"2024-06-27T03:21:47.237604397Z","started":"2024-06-27 03:21:47.237605619 +0000 UTC","vfs_path":"/etc/cron.hourly/.placeholder","_Components":["uploads","auto","etc","cron.hourly",".placeholder"],"file_size":102,"uploaded_size":102,"Type":""}
{"Timestamp":"2024-06-27T03:21:47.237616799Z","started":"2024-06-27 03:21:47.237616975 +0000 UTC","vfs_path":"/etc/cron.monthly/.placeholder","_Components":["uploads","auto","etc","cron.monthly",".placeholder"],"file_size":102,"uploaded_size":102,"Type":""}
{"Timestamp":"2024-06-27T03:21:47.237627355Z","started":"2024-06-27 03:21:47.237627533 +0000 UTC","vfs_path":"/var/spool/cron/atjobs/.SEQ","_Components":["uploads","auto","var","spool","cron","atjobs",".SEQ"],"file_size":2,"uploaded_size":2,"Type":""}
