{"Event":null,"User":"root","Minute":"17","Hour":"*","DayOfMonth":"*","Month":"*","DayOfWeek":"*","Command":"cd / \u0026\u0026 run-parts --report /etc/cron.hourly","Path":"/etc/crontab"}
{"Event":null,"User":"root","Minute":"25","Hour":"6","DayOfMonth":"*","Month":"*","DayOfWeek":"*","Command":"test -x /usr/sbin/anacron || ( cd / \u0026\u0026 run-parts --report /etc/cron.daily )","Path":"/etc/crontab"}
{"Event":null,"User":"root","Minute":"47","Hour":"6","DayOfMonth":"*","Month":"*","DayOfWeek":"7","Command":"test -x /usr/sbin/anacron || ( cd / \u0026\u0026 run-parts --report /etc/cron.weekly )","Path":"/etc/crontab"}
{"Event":null,"User":"root","Minute":"52","Hour":"6","DayOfMonth":"1","Month":"*","DayOfWeek":"*","Command":"test -x /usr/sbin/anacron || ( cd / \u0026\u0026 run-parts --report /etc/cron.monthly )","Path":"/etc/crontab"}
{"Event":null,"User":"root","Minute":"30","Hour":"3","DayOfMonth":"*","Month":"*","DayOfWeek":"0","Command":"test -e /run/systemd/system || SERVICE_MODE=1 /usr/lib/x86_64-linux-gnu/e2fsprogs/e2scrub_all_cron","Path":"/etc/cron.d/e2scrub_all"}
{"Event":null,"User":"root","Minute":"10","Hour":"3","DayOfMonth":"*","Month":"*","DayOfWeek":"*","Command":"test -e /run/systemd/system || SERVICE_MODE=1 /sbin/e2scrub_all -A -r","Path":"/etc/cron.d/e2scrub_all"}
