{"Host":null,"User":"root","Description":"root","Uid":"0","Gid":"0","Homedir":"/root","Shell":"/bin/bash"}
{"Host":null,"User":"daemon","Description":"daemon","Uid":"1","Gid":"1","Homedir":"/usr/sbin","Shell":"/usr/sbin/nologin"}
{"Host":null,"User":"bin","Description":"bin","Uid":"2","Gid":"2","Homedir":"/bin","Shell":"/usr/sbin/nologin"}
{"Host":null,"User":"sys","Description":"sys","Uid":"3","Gid":"3","Homedir":"/dev","Shell":"/usr/sbin/nologin"}
{"Host":null,"User":"sync","Description":"sync","Uid":"4","Gid":"65534","Homedir":"/bin","Shell":"/bin/sync"}
{"Host":null,"User":"games","Description":"games","Uid":"5","Gid":"60","Homedir":"/usr/games","Shell":"/usr/sbin/nologin"}
{"Host":null,"User":"man","Description":"man","Uid":"6","Gid":"12","Homedir":"/var/cache/man","Shell":"/usr/sbin/nologin"}
{"Host":null,"User":"lp","Description":"lp","Uid":"7","Gid":"7","Homedir":"/var/spool/lpd","Shell":"/usr/sbin/nologin"}
{"Host":null,"User":"mail","Description":"mail","Uid":"8","Gid":"8","Homedir":"/var/mail","Shell":"/usr/sbin/nologin"}
{"Host":null,"User":"news","Description":"news","Uid":"9","Gid":"9","Homedir":"/var/spool/news","Shell":"/usr/sbin/nologin"}
{"Host":null,"User":"uucp","Description":"uucp","Uid":"10","Gid":"10","Homedir":"/var/spool/uucp","Shell":"/usr/sbin/nologin"}
{"Host":null,"User":"proxy","Description":"proxy","Uid":"13","Gid":"13","Homedir":"/bin","Shell":"/usr/sbin/nologin"}
{"Host":null,"User":"www-data","Description":"www-data","Uid":"33","Gid":"33","Homedir":"/var/www","Shell":"/usr/sbin/nologin"}
{"Host":null,"User":"backup","Description":"backup","Uid":"34","Gid":"34","Homedir":"/var/backups","Shell":"/usr/sbin/nologin"}
{"Host":null,"User":"list","Description":"Mailing List Manager","Uid":"38","Gid":"38","Homedir":"/var/list","Shell":"/usr/sbin/nologin"}
{"Host":null,"User":"irc","Description":"ircd","Uid":"39","Gid":"39","Homedir":"/var/run/ircd","Shell":"/usr/sbin/nologin"}
{"Host":null,"User":"gnats","Description":"Gnats Bug-Reporting System (admin)","Uid":"41","Gid":"41","Homedir":"/var/lib/gnats","Shell":"/usr/sbin/nologin"}
{"Host":null,"User":"nobody","Description":"nobody","Uid":"65534","Gid":"65534","Homedir":"/nonexistent","Shell":"/usr/sbin/nologin"}
{"Host":null,"User":"systemd-network","Description":"systemd Network Management,,,","Uid":"100","Gid":"102","Homedir":"/run/systemd","Shell":"/usr/sbin/nologin"}
{"Host":null,"User":"systemd-resolve","Description":"systemd Resolver,,,","Uid":"101","Gid":"103","Homedir":"/run/systemd","Shell":"/usr/sbin/nologin"}
{"Host":null,"User":"systemd-timesync","Description":"systemd Time Synchronization,,,","Uid":"102","Gid":"104","Homedir":"/run/systemd","Shell":"/usr/sbin/nologin"}
{"Host":null,"User":"messagebus","Description":"","Uid":"103","Gid":"106","Homedir":"/nonexistent","Shell":"/usr/sbin/nologin"}
{"Host":null,"User":"syslog","Description":"","Uid":"104","Gid":"110","Homedir":"/home/syslog","Shell":"/usr/sbin/nologin"}
{"Host":null,"User":"_apt","Description":"","Uid":"105","Gid":"65534","Homedir":"/nonexistent","Shell":"/usr/sbin/nologin"}
{"Host":null,"User":"tss","Description":"TPM software stack,,,","Uid":"106","Gid":"111","Homedir":"/var/lib/tpm","Shell":"/bin/false"}
{"Host":null,"User":"uuidd","Description":"","Uid":"107","Gid":"112","Homedir":"/run/uuidd","Shell":"/usr/sbin/nologin"}
{"Host":null,"User":"tcpdump","Description":"","Uid":"108","Gid":"113","Homedir":"/nonexistent","Shell":"/usr/sbin/nologin"}
{"Host":null,"User":"landscape","Description":"","Uid":"109","Gid":"115","Homedir":"/var/lib/landscape","Shell":"/usr/sbin/nologin"}
{"Host":null,"User":"pollinate","Description":"","Uid":"110","Gid":"1","Homedir":"/var/cache/pollinate","Shell":"/bin/false"}
{"Host":null,"User":"fwupd-refresh","Description":"fwupd-refresh user,,,","Uid":"111","Gid":"116","Homedir":"/run/systemd","Shell":"/usr/sbin/nologin"}
{"Host":null,"User":"usbmux","Description":"usbmux daemon,,,","Uid":"112","Gid":"46","Homedir":"/var/lib/usbmux","Shell":"/usr/sbin/nologin"}
{"Host":null,"User":"sshd","Description":"","Uid":"113","Gid":"65534","Homedir":"/run/sshd","Shell":"/usr/sbin/nologin"}
{"Host":null,"User":"systemd-coredump","Description":"systemd Core Dumper","Uid":"999","Gid":"999","Homedir":"/","Shell":"/usr/sbin/nologin"}
{"Host":null,"User":"vagrant","Description":"vagrant","Uid":"1000","Gid":"1000","Homedir":"/home/vagrant","Shell":"/bin/bash"}
{"Host":null,"User":"lxd","Description":"","Uid":"998","Gid":"100","Homedir":"/var/snap/lxd/common/lxd","Shell":"/bin/false"}
{"Host":null,"User":"vboxadd","Description":"","Uid":"997","Gid":"1","Homedir":"/var/run/vboxadd","Shell":"/bin/false"}
