{"Time":"0000-06-27T03:07:49Z","IP":"10.0.2.2","Result":"Accepted","Method":"publickey","AttemptedUser":"vagrant","OSPath":"/var/log/auth.log"}
{"Time":"0000-06-27T03:07:54Z","IP":"10.0.2.2","Result":"Accepted","Method":"publickey","AttemptedUser":"vagrant","OSPath":"/var/log/auth.log"}
{"Time":"0000-06-27T03:14:46Z","IP":"192.168.77.221","Result":"Accepted","Method":"password","AttemptedUser":"vagrant","OSPath":"/var/log/auth.log"}
{"Time":"0000-06-27T03:14:48Z","IP":"192.168.77.221","Result":"Accepted","Method":"password","AttemptedUser":"vagrant","OSPath":"/var/log/auth.log"}
{"Time":"0000-06-27T03:14:49Z","IP":"192.168.77.221","Result":"Accepted","Method":"password","AttemptedUser":"vagrant","OSPath":"/var/log/auth.log"}
{"Time":"0000-06-27T03:44:29Z","IP":"192.168.77.221","Result":"Accepted","Method":"publickey","AttemptedUser":"root","OSPath":"/var/log/auth.log"}
