{"OSPath":"/var/run/utmp","Mtime":"2024-06-27T03:44:48Z","Upload":{"Path":"/var/run/utmp","Size":1536,"StoredSize":1536,"sha256":"7c1297e18ba0ab19f9cf3bf79e2d9a8e61473e2c01a9afabe759ea4b030715cf","md5":"20e67b114f0054564f3691ecb9d47088","StoredName":"/uploads/auto/var/run/utmp","Components":["uploads","auto","var","run","utmp"]}}
{"OSPath":"/var/log/btmp","Mtime":"2024-04-10T23:25:04Z","Upload":{"Path":"/var/log/btmp","Size":0,"sha256":"e3b0c44298fc1c149afbf4c8996fb92427ae41e4649b934ca495991b7852b855","md5":"d41d8cd98f00b204e9800998ecf8427e","StoredName":"/uploads/auto/var/log/btmp","Components":["uploads","auto","var","log","btmp"]}}
{"OSPath":"/var/log/wtmp","Mtime":"2024-06-27T03:44:48Z","Upload":{"Path":"/var/log/wtmp","Size":4992,"StoredSize":4992,"sha256":"b49e34b12b4446441cd0a1de9f098999eea14689f1077ef17971f08c51d5e63e","md5":"9884c08907ca81cc5f1daeab664d66e8","StoredName":"/uploads/auto/var/log/wtmp","Components":["uploads","auto","var","log","wtmp"]}}
