{"OSPath":"/etc/crontab","Upload":{"Path":"/etc/crontab","Size":1042,"StoredSize":1042,"sha256":"c5c9241274bee45e7e60d8b247a15bd5f69bf821b813215194156fd60fc4afc9","md5":"44df62f8c671c9306af920e2839cda53","StoredName":"/uploads/auto/etc/crontab","Components":["uploads","auto","etc","crontab"]}}
{"OSPath":"/etc/cron.monthly/.placeholder","Upload":{"Path":"/etc/cron.monthly/.placeholder","Size":102,"StoredSize":102,"sha256":"49674d9b1bd433cdb58f30497f6c441dc823de549160eef5c1acec4c20786810","md5":"e5e12910bf011222160404d7bdb824f2","StoredName":"/uploads/auto/etc/cron.monthly/%2Eplaceholder","Components":["uploads","auto","etc","cron.monthly",".placeholder"]}}
{"OSPath":"/etc/cron.weekly/.placeholder","Upload":{"Path":"/etc/cron.weekly/.placeholder","Size":102,"StoredSize":102,"sha256":"49674d9b1bd433cdb58f30497f6c441dc823de549160eef5c1acec4c20786810","md5":"e5e12910bf011222160404d7bdb824f2","StoredName":"/uploads/auto/etc/cron.weekly/%2Eplaceholder","Components":["uploads","auto","etc","cron.weekly",".placeholder"]}}
{"OSPath":"/etc/cron.weekly/man-db","Upload":{"Path":"/etc/cron.weekly/man-db","Size":813,"StoredSize":813,"sha256":"a22fadcc2126ef610968ca9e151fa97ec4b07b552b8b6bfa7ee493efefd0c874","md5":"cccc6557c297fb1e5bbf4a6c19e3e214","StoredName":"/uploads/auto/etc/cron.weekly/man-db","Components":["uploads","auto","etc","cron.weekly","man-db"]}}
{"OSPath":"/etc/cron.d/.placeholder","Upload":{"Path":"/etc/cron.d/.placeholder","Size":102,"StoredSize":102,"sha256":"49674d9b1bd433cdb58f30497f6c441dc823de549160eef5c1acec4c20786810","md5":"e5e12910bf011222160404d7bdb824f2","StoredName":"/uploads/auto/etc/cron.d/%2Eplaceholder","Components":["uploads","auto","etc","cron.d",".placeholder"]}}
{"OSPath":"/etc/cron.d/e2scrub_all","Upload":{"Path":"/etc/cron.d/e2scrub_all","Size":201,"StoredSize":201,"sha256":"d4df081b982b23e66cac7102f9d91032f296caf13031991d90af44ee6cbf6e3b","md5":"bc533e09f3b3d96bfe1633ad57eb7026","StoredName":"/uploads/auto/etc/cron.d/e2scrub_all","Components":["uploads","auto","etc","cron.d","e2scrub_all"]}}
{"OSPath":"/etc/cron.daily/.placeholder","Upload":{"Path":"/etc/cron.daily/.placeholder","Size":102,"StoredSize":102,"sha256":"49674d9b1bd433cdb58f30497f6c441dc823de549160eef5c1acec4c20786810","md5":"e5e12910bf011222160404d7bdb824f2","StoredName":"/uploads/auto/etc/cron.daily/%2Eplaceholder","Components":["uploads","auto","etc","cron.daily",".placeholder"]}}
{"OSPath":"/etc/cron.daily/apport","Upload":{"Path":"/etc/cron.daily/apport","Size":376,"StoredSize":376,"sha256":"ece406240beddfd8d262a9f0f2ffd5aa40cae4bf5401e7641db3ae1aca737a39","md5":"df5d3bc9ab3a67b58156376318077304","StoredName":"/uploads/auto/etc/cron.daily/apport","Components":["uploads","auto","etc","cron.daily","apport"]}}
{"OSPath":"/etc/cron.daily/apt-compat","Upload":{"Path":"/etc/cron.daily/apt-compat","Size":1478,"StoredSize":1478,"sha256":"a069113148fc81e3c72f76249f77bff234d933d1be88909a896d672ea81bfaed","md5":"49e9b2cfa17849700d4db735d04244f3","StoredName":"/uploads/auto/etc/cron.daily/apt-compat","Components":["uploads","auto","etc","cron.daily","apt-compat"]}}
{"OSPath":"/etc/cron.daily/bsdmainutils","Upload":{"Path":"/etc/cron.daily/bsdmainutils","Size":355,"StoredSize":355,"sha256":"a68002bf1dc9f42a150087b00437448a46f7cae6755ecddca70a6d3c9d20a14b","md5":"559387f792462a62e3efb1d573e38d11","StoredName":"/uploads/auto/etc/cron.daily/bsdmainutils","Components":["uploads","auto","etc","cron.daily","bsdmainutils"]}}
{"OSPath":"/etc/cron.daily/dpkg","Upload":{"Path":"/etc/cron.daily/dpkg","Size":1187,"StoredSize":1187,"sha256":"172557932b09e6b22519653ce4bb4397767c96c270ac9271c8e92df9bba009bf","md5":"f20e10c12fb47903b8ec9d282491f4be","StoredName":"/uploads/auto/etc/cron.daily/dpkg","Components":["uploads","auto","etc","cron.daily","dpkg"]}}
{"OSPath":"/etc/cron.daily/logrotate","Upload":{"Path":"/etc/cron.daily/logrotate","Size":377,"StoredSize":377,"sha256":"12b36ff7068d3932f428e6eba07cbc9b9b2f7f7d37756d86ce13ddfcc6cd875f","md5":"31da718265eaaa2fdabcfb2743bda171","StoredName":"/uploads/auto/etc/cron.daily/logrotate","Components":["uploads","auto","etc","cron.daily","logrotate"]}}
{"OSPath":"/etc/cron.daily/man-db","Upload":{"Path":"/etc/cron.daily/man-db","Size":1123,"StoredSize":1123,"sha256":"f6b4cc47834813363604b0448d9d24bdcbf68ca2864f177565dfb2997e3b5663","md5":"6bb8d56558bfae4cf546e7280859f033","StoredName":"/uploads/auto/etc/cron.daily/man-db","Components":["uploads","auto","etc","cron.daily","man-db"]}}
{"OSPath":"/etc/cron.hourly/.placeholder","Upload":{"Path":"/etc/cron.hourly/.placeholder","Size":102,"StoredSize":102,"sha256":"49674d9b1bd433cdb58f30497f6c441dc823de549160eef5c1acec4c20786810","md5":"e5e12910bf011222160404d7bdb824f2","StoredName":"/uploads/auto/etc/cron.hourly/%2Eplaceholder","Components":["uploads","auto","etc","cron.hourly",".placeholder"]}}
{"OSPath":"/var/spool/cron/atjobs","Upload":{"Path":"","Size":0,"Error":"read /var/spool/cron/atjobs: is a directory"}}
{"OSPath":"/var/spool/cron/atspool","Upload":{"Path":"","Size":0,"Error":"read /var/spool/cron/atspool: is a directory"}}
{"OSPath":"/var/spool/cron/crontabs","Upload":{"Path":"","Size":0,"Error":"read /var/spool/cron/crontabs: is a directory"}}
{"OSPath":"/var/spool/cron/atjobs/.SEQ","Upload":{"Path":"/var/spool/cron/atjobs/.SEQ","Size":2,"StoredSize":2,"sha256":"9a271f2a916b0b6ee6cecb2426f0b3206ef074578be55d9bc94f6f3fe3ab86aa","md5":"897316929176464ebc9ad085f31e7284","StoredName":"/uploads/auto/var/spool/cron/atjobs/%2ESEQ","Components":["uploads","auto","var","spool","cron","atjobs",".SEQ"]}}
