{"OSPath":"/var/log/journal/7e0d8178c23c4baab9846b5fd29698ab/system@00061bd688ac1c29-f5e2df012f9027ff.journal~","Mtime":"2024-06-27T03:14:53Z","Upload":{"Path":"/var/log/journal/7e0d8178c23c4baab9846b5fd29698ab/system@00061bd688ac1c29-f5e2df012f9027ff.journal~","Size":8388608,"StoredSize":8388608,"sha256":"51e48e4b2c428ca9c5e871cee84d564e8ce438b7de6c588b9b4bbac7cdc92a2b","md5":"f860cefce83a18bc99825fd559a4dfe9","StoredName":"/uploads/auto/var/log/journal/7e0d8178c23c4baab9846b5fd29698ab/system@00061bd688ac1c29-f5e2df012f9027ff.journal~","Components":["uploads","auto","var","log","journal","7e0d8178c23c4baab9846b5fd29698ab","system@00061bd688ac1c29-f5e2df012f9027ff.journal~"]}}
{"OSPath":"/var/log/journal/7e0d8178c23c4baab9846b5fd29698ab/system.journal","Mtime":"2024-06-27T03:53:53Z","Upload":{"Path":"/var/log/journal/7e0d8178c23c4baab9846b5fd29698ab/system.journal","Size":8388608,"StoredSize":8388608,"sha256":"72d7240bdc3f8664ef5cdeec9426c2fc5e5a7477a3018befd40844e0b471dac4","md5":"11b8d92aaaaf818f2638e5d0ac450599","StoredName":"/uploads/auto/var/log/journal/7e0d8178c23c4baab9846b5fd29698ab/system.journal","Components":["uploads","auto","var","log","journal","7e0d8178c23c4baab9846b5fd29698ab","system.journal"]}}
{"OSPath":"/var/log/journal/7e0d8178c23c4baab9846b5fd29698ab/user-1000.journal","Mtime":"2024-06-27T03:46:19Z","Upload":{"Path":"/var/log/journal/7e0d8178c23c4baab9846b5fd29698ab/user-1000.journal","Size":8388608,"StoredSize":8388608,"sha256":"72f0950bc525d6ed0b0bf42451e37c327cc1dcb3500226f2cb4d438cd705c14c","md5":"e21149e2882f89f9dfb2a1a4d00343ba","StoredName":"/uploads/auto/var/log/journal/7e0d8178c23c4baab9846b5fd29698ab/user-1000.journal","Components":["uploads","auto","var","log","journal","7e0d8178c23c4baab9846b5fd29698ab","user-1000.journal"]}}
{"OSPath":"/var/log/journal/c5d9f029ac2a4328a7645ba2ba8453ef/system.journal","Mtime":"2024-04-10T23:25:34Z","Upload":{"Path":"/var/log/journal/c5d9f029ac2a4328a7645ba2ba8453ef/system.journal","Size":8388608,"StoredSize":8388608,"sha256":"67850c10d39f2d5ca48f71fdf6165e9c3ac45379ade4c19033f699370d8c3bd8","md5":"16091d9ffe0e79e639b0b05cb9f5e025","StoredName":"/uploads/auto/var/log/journal/c5d9f029ac2a4328a7645ba2ba8453ef/system.journal","Components":["uploads","auto","var","log","journal","c5d9f029ac2a4328a7645ba2ba8453ef","system.journal"]}}
{"OSPath":"/var/log/journal/c5d9f029ac2a4328a7645ba2ba8453ef/user-1000.journal","Mtime":"2024-04-10T23:25:34Z","Upload":{"Path":"/var/log/journal/c5d9f029ac2a4328a7645ba2ba8453ef/user-1000.journal","Size":8388608,"StoredSize":8388608,"sha256":"b17bbc1de0c7faba485dc6ae30722633e2b3dd395686d6f56539140e26b0041b","md5":"7fb30c84b3528b550d5d7ea0908ab941","StoredName":"/uploads/auto/var/log/journal/c5d9f029ac2a4328a7645ba2ba8453ef/user-1000.journal","Components":["uploads","auto","var","log","journal","c5d9f029ac2a4328a7645ba2ba8453ef","user-1000.journal"]}}
