{"Laddr":"127.0.0.53","Lport":53,"Raddr":"0.0.0.0","Rport":0,"Pid":666,"Status":"LISTEN","ProcInfo":{"Pid":"666","Name":"systemd-resolved","Ppid":"1","CommandLine":"/lib/systemd/systemd-resolved","CreateTime":1719458093000,"Times":{"cpu":"cpu","user":0.05,"system":0.1,"idle":0,"nice":0,"iowait":0.02,"irq":0,"softirq":0,"steal":0,"guest":0,"guestNice":0},"Exe":"/usr/lib/systemd/systemd-resolved","Cwd":"/","Username":"systemd-resolve","MemoryInfo":{"rss":12623872,"vms":25276416,"hwm":0,"data":0,"stack":0,"locked":0,"swap":0},"StartTime":"2024-06-27T03:14:53Z","EndTime":"0001-01-01T00:00:00Z"},"CallChain":"systemd -\u003e systemd-resolved","ChildrenTree":{"name":"systemd-resolved","id":"666","start_time":"2024-06-27T03:14:53Z","data":{"Pid":"666","Name":"systemd-resolved","Ppid":"1","CommandLine":"/lib/systemd/systemd-resolved","CreateTime":1719458093000,"Times":{"cpu":"cpu","user":0.05,"system":0.1,"idle":0,"nice":0,"iowait":0.02,"irq":0,"softirq":0,"steal":0,"guest":0,"guestNice":0},"Exe":"/usr/lib/systemd/systemd-resolved","Cwd":"/","Username":"systemd-resolve","MemoryInfo":{"rss":12623872,"vms":25276416,"hwm":0,"data":0,"stack":0,"locked":0,"swap":0},"StartTime":"2024-06-27T03:14:53Z","EndTime":"0001-01-01T00:00:00Z"},"children":null}}
{"Laddr":"0.0.0.0","Lport":22,"Raddr":"0.0.0.0","Rport":0,"Pid":746,"Status":"LISTEN","ProcInfo":{"Pid":"746","Name":"sshd","Ppid":"1","CommandLine":"sshd: /usr/sbin/sshd -D [listener] 0 of 10-100 startups","CreateTime":1719458097000,"Times":{"cpu":"cpu","user":0.01,"system":0,"idle":0,"nice":0,"iowait":0,"irq":0,"softirq":0,"steal":0,"guest":0,"guestNice":0},"Exe":"/usr/sbin/sshd","Cwd":"/","Username":"root","MemoryInfo":{"rss":7729152,"vms":12480512,"hwm":0,"data":0,"stack":0,"locked":0,"swap":0},"StartTime":"2024-06-27T03:14:57Z","EndTime":"0001-01-01T00:00:00Z"},"CallChain":"systemd -\u003e sshd","ChildrenTree":{"name":"sshd","id":"746","start_time":"2024-06-27T03:14:57Z","data":{"Pid":"746","Name":"sshd","Ppid":"1","CommandLine":"sshd: /usr/sbin/sshd -D [listener] 0 of 10-100 startups","CreateTime":1719458097000,"Times":{"cpu":"cpu","user":0.01,"system":0,"idle":0,"nice":0,"iowait":0,"irq":0,"softirq":0,"steal":0,"guest":0,"guestNice":0},"Exe":"/usr/sbin/sshd","Cwd":"/","Username":"root","MemoryInfo":{"rss":7729152,"vms":12480512,"hwm":0,"data":0,"stack":0,"locked":0,"swap":0},"StartTime":"2024-06-27T03:14:57Z","EndTime":"0001-01-01T00:00:00Z"},"children":null}}
{"Laddr":"::","Lport":22,"Raddr":"::","Rport":0,"Pid":746,"Status":"LISTEN","ProcInfo":{"Pid":"746","Name":"sshd","Ppid":"1","CommandLine":"sshd: /usr/sbin/sshd -D [listener] 0 of 10-100 startups","CreateTime":1719458097000,"Times":{"cpu":"cpu","user":0.01,"system":0,"idle":0,"nice":0,"iowait":0,"irq":0,"softirq":0,"steal":0,"guest":0,"guestNice":0},"Exe":"/usr/sbin/sshd","Cwd":"/","Username":"root","MemoryInfo":{"rss":7729152,"vms":12480512,"hwm":0,"data":0,"stack":0,"locked":0,"swap":0},"StartTime":"2024-06-27T03:14:57Z","EndTime":"0001-01-01T00:00:00Z"},"CallChain":"systemd -\u003e sshd","ChildrenTree":{"name":"sshd","id":"746","start_time":"2024-06-27T03:14:57Z","data":{"Pid":"746","Name":"sshd","Ppid":"1","CommandLine":"sshd: /usr/sbin/sshd -D [listener] 0 of 10-100 startups","CreateTime":1719458097000,"Times":{"cpu":"cpu","user":0.01,"system":0,"idle":0,"nice":0,"iowait":0,"irq":0,"softirq":0,"steal":0,"guest":0,"guestNice":0},"Exe":"/usr/sbin/sshd","Cwd":"/","Username":"root","MemoryInfo":{"rss":7729152,"vms":12480512,"hwm":0,"data":0,"stack":0,"locked":0,"swap":0},"StartTime":"2024-06-27T03:14:57Z","EndTime":"0001-01-01T00:00:00Z"},"children":null}}
