{"Mtime":"2020-02-13T20:44:42Z","OSPath":"/etc/cron.daily/.placeholder","Content":"# DO NOT EDIT OR REMOVE\n# This file is a simple placeholder to keep dpkg from removing this directory\n"}
{"Mtime":"2021-09-16T18:48:12Z","OSPath":"/etc/cron.daily/apport","Content":"#!/bin/sh -e\n# clean all crash reports which are older than a week.\n[ -d /var/crash ] || exit 0\nfind /var/crash/. ! -name . -prune -type f \\( \\( -size 0 -a \\! -name '*.upload*' -a \\! -name '*.drkonqi*' \\) -o -mtime +7 \\) -exec rm -f -- '{}' \\;\nfind /var/crash/. ! -name . -prune -type d -regextype posix-extended -regex '.*/[0-9]{12}$' \\( -mtime +7 \\) -exec rm -Rf -- '{}' \\;\n"}
{"Mtime":"2020-04-09T10:21:07Z","OSPath":"/etc/cron.daily/apt-compat","Content":"#!/bin/sh\n\nset -e\n\n# Systemd systems use a systemd timer unit which is preferable to\n# run. We want to randomize the apt update and unattended-upgrade\n# runs as much as possible to avoid hitting the mirrors all at the\n# same time. The systemd time is better at this than the fixed\n# cron.daily time\nif [ -d /run/systemd/system ]; then\n    exit 0\nfi\n\ncheck_power()\n{\n    # laptop check, on_ac_power returns:\n    #       0 (true)    System is on main power\n    #       1 (false)   System is not on main power\n    #       255 (false) Power status could not be determined\n    # Desktop systems always return 255 it seems\n    if which on_ac_power \u003e/dev/null 2\u003e\u00261; then\n        if on_ac_power; then\n            :\n        elif [ $? -eq 1 ]; then\n            return 1\n        fi\n    fi\n    return 0\n}\n\n# sleep for a random interval of time (default 30min)\n# (some code taken from cron-apt, thanks)\nrandom_sleep()\n{\n    RandomSleep=1800\n    eval $(apt-config shell RandomSleep APT::Periodic::RandomSleep)\n    if [ $RandomSleep -eq 0 ]; then\n\treturn\n    fi\n    if [ -z \"$RANDOM\" ] ; then\n        # A fix for shells that do not have this bash feature.\n\tRANDOM=$(( $(dd if=/dev/urandom bs=2 count=1 2\u003e /dev/null | cksum | cut -d' ' -f1) % 32767 ))\n    fi\n    TIME=$(($RANDOM % $RandomSleep))\n    sleep $TIME\n}\n\n# delay the job execution by a random amount of time\nrandom_sleep\n\n# ensure we don't do this on battery\ncheck_power || exit 0\n\n# run daily job\nexec /usr/lib/apt/apt.systemd.daily\n"}
{"Mtime":"2017-12-29T09:02:08Z","OSPath":"/etc/cron.daily/bsdmainutils","Content":"#!/bin/sh\n# /etc/cron.daily/calendar: BSD mainutils calendar daily maintenance script\n# Written by Austin Donnelly \u003cand1000@debian.org\u003e\n\n. /etc/default/bsdmainutils\n\n[ x$RUN_DAILY = xtrue ] || exit 0\n\n[ -x /usr/sbin/sendmail ] || exit 0\n\nif [ ! -x /usr/bin/cpp ]; then\n  echo \"The cpp package is needed to run calendar.\"\n  exit 1\nfi\n\n/usr/bin/calendar -a\n"}
{"Mtime":"2019-09-05T21:05:14Z","OSPath":"/etc/cron.daily/dpkg","Content":"#!/bin/sh\n\ndbdir=/var/lib/dpkg\n\n# Backup the 7 last versions of dpkg databases containing user data.\nif cd /var/backups ; then\n    # We backup all relevant database files if any has changed, so that\n    # the rotation number always contains an internally consistent set.\n    dbchanged=no\n    dbfiles=\"arch status diversions statoverride\"\n    for db in $dbfiles ; do\n        if ! cmp -s \"dpkg.${db}.0\" \"$dbdir/$db\"; then\n            dbchanged=yes\n            break;\n        fi\n    done\n    if [ \"$dbchanged\" = \"yes\" ] ; then\n        for db in $dbfiles ; do\n            [ -e \"$dbdir/$db\" ] || continue\n            cp -p \"$dbdir/$db\" \"dpkg.$db\"\n            savelog -c 7 \"dpkg.$db\" \u003e/dev/null\n        done\n    fi\n\n    # The alternatives database is independent from the dpkg database.\n    dbalt=alternatives\n\n    # XXX: Ideally we'd use --warning=none instead of discarding stderr, but\n    # as of GNU tar 1.27.1, it does not seem to work reliably (see #749307).\n    if ! test -e ${dbalt}.tar.0 ||\n       ! tar -df ${dbalt}.tar.0 -C $dbdir $dbalt \u003e/dev/null 2\u003e\u00261 ;\n    then\n        tar -cf ${dbalt}.tar -C $dbdir $dbalt \u003e/dev/null 2\u003e\u00261\n        savelog -c 7 ${dbalt}.tar \u003e/dev/null\n    fi\nfi\n"}
{"Mtime":"2019-01-21T10:11:39Z","OSPath":"/etc/cron.daily/logrotate","Content":"#!/bin/sh\n\n# skip in favour of systemd timer\nif [ -d /run/systemd/system ]; then\n    exit 0\nfi\n\n# this cronjob persists removals (but not purges)\nif [ ! -x /usr/sbin/logrotate ]; then\n    exit 0\nfi\n\n/usr/sbin/logrotate /etc/logrotate.conf\nEXITVALUE=$?\nif [ $EXITVALUE != 0 ]; then\n    /usr/bin/logger -t logrotate \"ALERT exited abnormally with [$EXITVALUE]\"\nfi\nexit $EXITVALUE\n"}
{"Mtime":"2020-02-25T17:13:45Z","OSPath":"/etc/cron.daily/man-db","Content":"#!/bin/sh\n#\n# man-db cron daily\n\nset -e\n\nif [ -d /run/systemd/system ]; then\n    # Skip in favour of systemd timer.\n    exit 0\nfi\n\niosched_idle=\n# Don't try to change I/O priority in a vserver or OpenVZ.\nif ! egrep -q '(envID|VxID):.*[1-9]' /proc/self/status \u0026\u0026 \\\n   ([ ! -d /proc/vz ] || [ -d /proc/bc ]); then\n    iosched_idle='--iosched idle'\nfi\n\nif ! [ -d /var/cache/man ]; then\n    # Recover from deletion, per FHS.\n    install -d -o man -g man -m 0755 /var/cache/man\nfi\n\n# expunge old catman pages which have not been read in a week\nif [ -d /var/cache/man ]; then\n  cd /\n  start-stop-daemon --start --pidfile /dev/null --startas /bin/sh \\\n\t--oknodo --chuid man $iosched_idle -- -c \\\n\t\"find /var/cache/man -type f -name '*.gz' -atime +6 -print0 | \\\n\t xargs -r0 rm -f\"\nfi\n\n# regenerate man database\nif [ -x /usr/bin/mandb ]; then\n    # --pidfile /dev/null so it always starts; mandb isn't really a daemon,\n    # but we want to start it like one.\n    start-stop-daemon --start --pidfile /dev/null \\\n\t\t      --startas /usr/bin/mandb --oknodo --chuid man \\\n\t\t      $iosched_idle \\\n\t\t      -- --no-purge --quiet\nfi\n\nexit 0\n"}
{"Mtime":"2020-02-13T20:44:42Z","OSPath":"/etc/cron.hourly/.placeholder","Content":"# DO NOT EDIT OR REMOVE\n# This file is a simple placeholder to keep dpkg from removing this directory\n"}
{"Mtime":"2020-02-13T20:44:42Z","OSPath":"/etc/cron.monthly/.placeholder","Content":"# DO NOT EDIT OR REMOVE\n# This file is a simple placeholder to keep dpkg from removing this directory\n"}
{"Mtime":"2020-02-13T20:44:42Z","OSPath":"/etc/cron.weekly/.placeholder","Content":"# DO NOT EDIT OR REMOVE\n# This file is a simple placeholder to keep dpkg from removing this directory\n"}
{"Mtime":"2020-02-25T17:13:45Z","OSPath":"/etc/cron.weekly/man-db","Content":"#!/bin/sh\n#\n# man-db cron weekly\n\nset -e\n\nif [ -d /run/systemd/system ]; then\n    # Skip in favour of systemd timer.\n    exit 0\nfi\n\niosched_idle=\n# Don't try to change I/O priority in a vserver or OpenVZ.\nif ! egrep -q '(envID|VxID):.*[1-9]' /proc/self/status \u0026\u0026 \\\n   ([ ! -d /proc/vz ] || [ -d /proc/bc ]); then\n    iosched_idle='--iosched idle'\nfi\n\nif ! [ -d /var/cache/man ]; then\n    # Recover from deletion, per FHS.\n    install -d -o man -g man -m 0755 /var/cache/man\nfi\n\n# regenerate man database\nif [ -x /usr/bin/mandb ]; then\n    # --pidfile /dev/null so it always starts; mandb isn't really a daemon,\n    # but we want to start it like one.\n    start-stop-daemon --start --pidfile /dev/null \\\n\t\t      --startas /usr/bin/mandb --oknodo --chuid man \\\n\t\t      $iosched_idle \\\n\t\t      -- --quiet\nfi\n\nexit 0\n"}
