{
 "session_id": "F.CPUE4KCELAB9S",
 "request": {
  "artifacts": [
   "Linux.Collection.SysLogs",
   "Linux.Detection.AnomalousFiles",
   "Linux.Mounts",
   "Linux.Network.NetstatEnriched",
   "Linux.Proc.Modules",
   "Linux.Ssh.AuthorizedKeys",
   "Linux.Ssh.KnownHosts",
   "Linux.Sys.BashHistory",
   "Linux.Sys.Crontab",
   "Linux.Sys.Groups",
   "Linux.Sys.LastUserLogin",
   "Linux.Sys.Pslist",
   "Linux.Sys.Services",
   "Linux.Sys.Users",
   "Linux.Sysinternals.Sysmon",
   "Linux.Syslog.SSHLogin",
   "Linux.Users.InteractiveUsers",
   "Linux.Users.RootUsers"
  ],
  "specs": [
   {
    "artifact": "Linux.Collection.SysLogs",
    "parameters": {}
   },
   {
    "artifact": "Linux.Detection.AnomalousFiles",
    "parameters": {
     "env": [
      {
       "key": "MaxNormalSize",
       "value": "Null"
      },
      {
       "key": "PathsToSearch"
      }
     ]
    }
   },
   {
    "artifact": "Linux.Mounts",
    "parameters": {}
   },
   {
    "artifact": "Linux.Network.NetstatEnriched",
    "parameters": {}
   },
   {
    "artifact": "Linux.Proc.Modules",
    "parameters": {}
   },
   {
    "artifact": "Linux.Ssh.AuthorizedKeys",
    "parameters": {}
   },
   {
    "artifact": "Linux.Ssh.KnownHosts",
    "parameters": {}
   },
   {
    "artifact": "Linux.Sys.BashHistory",
    "parameters": {}
   },
   {
    "artifact": "Linux.Sys.Crontab",
    "parameters": {
     "env": [
      {
       "key": "Length",
       "value": "Null"
      }
     ]
    }
   },
   {
    "artifact": "Linux.Sys.Groups",
    "parameters": {}
   },
   {
    "artifact": "Linux.Sys.LastUserLogin",
    "parameters": {
     "env": [
      {
       "key": "MaxCount",
       "value": "Null"
      },
      {
       "key": "recent_x_days",
       "value": "Null"
      }
     ]
    }
   },
   {
    "artifact": "Linux.Sys.Pslist",
    "parameters": {}
   },
   {
    "artifact": "Linux.Sys.Services",
    "parameters": {}
   },
   {
    "artifact": "Linux.Sys.Users",
    "parameters": {}
   },
   {
    "artifact": "Linux.Sysinternals.Sysmon",
    "parameters": {
     "env": [
      {
       "key": "StartDate"
      },
      {
       "key": "EndDate"
      }
     ]
    }
   },
   {
    "artifact": "Linux.Syslog.SSHLogin",
    "parameters": {}
   },
   {
    "artifact": "Linux.Users.InteractiveUsers",
    "parameters": {
     "env": [
      {
       "key": "NonInteractiveExecutables"
      }
     ]
    }
   },
   {
    "artifact": "Linux.Users.RootUsers",
    "parameters": {}
   }
  ]
 },
 "create_time": 1719460433986908842,
 "total_uploaded_files": 29,
 "total_expected_uploaded_bytes": 42411830,
 "total_uploaded_bytes": 42411830,
 "total_collected_rows": 453,
 "total_logs": 1864,
 "total_requests": 18,
 "execution_duration": 2155278382,
 "state": 2,
 "artifacts_with_results": [
  "Linux.Users.RootUsers",
  "Linux.Sys.BashHistory",
  "Linux.Sys.Crontab/CronTabs",
  "Linux.Sys.Crontab/CronScripts",
  "Linux.Sys.Crontab/Uploaded",
  "Linux.Sys.Groups",
  "Linux.Sys.Pslist",
  "Linux.Sys.Services",
  "Linux.Sys.Users",
  "Linux.Syslog.SSHLogin",
  "Linux.Users.InteractiveUsers",
  "Linux.Mounts",
  "Linux.Network.NetstatEnriched",
  "Linux.Proc.Modules",
  "Linux.Ssh.AuthorizedKeys",
  "Linux.Ssh.KnownHosts/HostPublicKeys",
  "Linux.Collection.SysLogs/uploadDebianPackagesLogFiles",
  "Linux.Collection.SysLogs/uploadLinuxAuthLogs",
  "Linux.Collection.SysLogs/uploadLinuxKernelLogFiles",
  "Linux.Collection.SysLogs/uploadLinuxLatlogFiles",
  "Linux.Collection.SysLogs/uploadLinuxSystemdJournalLogs",
  "Linux.Collection.SysLogs/uploadLinuxUtmpFiles",
  "Linux.Collection.SysLogs/uploadLinuxWtmp",
  "Linux.Collection.SysLogs/uploadUnixUtmpFile"
 ],
 "query_stats": [
  {
   "duration": 550594231,
   "names_with_response": [
    "Linux.Users.RootUsers"
   ],
   "log_rows": 37,
   "result_rows": 1
  },
  {
   "duration": 27680396,
   "names_with_response": [
    "Linux.Sys.BashHistory"
   ],
   "log_rows": 40,
   "result_rows": 1
  },
  {
   "duration": 245558858,
   "names_with_response": [
    "Linux.Sys.Crontab/CronTabs",
    "Linux.Sys.Crontab/CronScripts",
    "Linux.Sys.Crontab/Uploaded"
   ],
   "log_rows": 65,
   "result_rows": 18
  },
  {
   "duration": 87803032,
   "names_with_response": [
    "Linux.Sys.Groups"
   ],
   "log_rows": 68,
   "result_rows": 60
  },
  {
   "duration": 15431923,
   "log_rows": 72
  },
  {
   "duration": 2155278382,
   "names_with_response": [
    "Linux.Sys.Pslist"
   ],
   "log_rows": 74,
   "result_rows": 129
  },
  {
   "duration": 22236677,
   "names_with_response": [
    "Linux.Sys.Services"
   ],
   "log_rows": 78,
   "result_rows": 54
  },
  {
   "duration": 17405793,
   "names_with_response": [
    "Linux.Sys.Users"
   ],
   "log_rows": 81,
   "result_rows": 36
  },
  {
   "duration": 10440171,
   "log_rows": 86
  },
  {
   "duration": 47918870,
   "names_with_response": [
    "Linux.Syslog.SSHLogin"
   ],
   "log_rows": 88,
   "result_rows": 6
  },
  {
   "duration": 242867083,
   "names_with_response": [
    "Linux.Users.InteractiveUsers"
   ],
   "log_rows": 127,
   "result_rows": 36
  },
  {
   "duration": 32717827,
   "names_with_response": [
    "Linux.Mounts"
   ],
   "log_rows": 130,
   "result_rows": 43
  },
  {
   "duration": 14751468,
   "names_with_response": [
    "Linux.Network.NetstatEnriched"
   ],
   "log_rows": 133,
   "result_rows": 3
  },
  {
   "duration": 13766702,
   "names_with_response": [
    "Linux.Proc.Modules"
   ],
   "log_rows": 136,
   "result_rows": 57
  },
  {
   "duration": 69732826,
   "names_with_response": [
    "Linux.Ssh.AuthorizedKeys"
   ],
   "log_rows": 139,
   "result_rows": 2
  },
  {
   "duration": 42720499,
   "names_with_response": [
    "Linux.Ssh.KnownHosts/HostPublicKeys"
   ],
   "log_rows": 143,
   "result_rows": 4
  },
  {
   "duration": 868782672,
   "names_with_response": [
    "Linux.Collection.SysLogs/uploadDebianPackagesLogFiles",
    "Linux.Collection.SysLogs/uploadLinuxAuthLogs",
    "Linux.Collection.SysLogs/uploadLinuxKernelLogFiles",
    "Linux.Collection.SysLogs/uploadLinuxLatlogFiles",
    "Linux.Collection.SysLogs/uploadLinuxSystemdJournalLogs",
    "Linux.Collection.SysLogs/uploadLinuxUtmpFiles",
    "Linux.Collection.SysLogs/uploadLinuxWtmp",
    "Linux.Collection.SysLogs/uploadUnixUtmpFile"
   ],
   "log_rows": 182,
   "result_rows": 3
  },
  {
   "duration": 1693614,
   "log_rows": 185
  }
 ]
}