{"Timestamp":"2024-06-27T03:53:58.566306107Z","started":"2024-06-27 03:53:58.566306651 +0000 UTC","vfs_path":"/etc/crontab","_Components":["uploads","auto","etc","crontab"],"file_size":1042,"uploaded_size":1042,"Type":""}
{"Timestamp":"2024-06-27T03:53:58.566322171Z","started":"2024-06-27 03:53:58.566322345 +0000 UTC","vfs_path":"/etc/cron.monthly/.placeholder","_Components":["uploads","auto","etc","cron.monthly",".placeholder"],"file_size":102,"uploaded_size":102,"Type":""}
{"Timestamp":"2024-06-27T03:53:58.566334887Z","started":"2024-06-27 03:53:58.566335046 +0000 UTC","vfs_path":"/etc/cron.weekly/.placeholder","_Components":["uploads","auto","etc","cron.weekly",".placeholder"],"file_size":102,"uploaded_size":102,"Type":""}
{"Timestamp":"2024-06-27T03:53:58.566344061Z","started":"2024-06-27 03:53:58.566344218 +0000 UTC","vfs_path":"/etc/cron.weekly/man-db","_Components":["uploads","auto","etc","cron.weekly","man-db"],"file_size":813,"uploaded_size":813,"Type":""}
{"Timestamp":"2024-06-27T03:53:58.566351924Z","started":"2024-06-27 03:53:58.566352068 +0000 UTC","vfs_path":"/etc/cron.d/.placeholder","_Components":["uploads","auto","etc","cron.d",".placeholder"],"file_size":102,"uploaded_size":102,"Type":""}
{"Timestamp":"2024-06-27T03:53:58.566359913Z","started":"2024-06-27 03:53:58.566360053 +0000 UTC","vfs_path":"/etc/cron.d/e2scrub_all","_Components":["uploads","auto","etc","cron.d","e2scrub_all"],"file_size":201,"uploaded_size":201,"Type":""}
{"Timestamp":"2024-06-27T03:53:58.566367524Z","started":"2024-06-27 03:53:58.566367664 +0000 UTC","vfs_path":"/etc/cron.daily/.placeholder","_Components":["uploads","auto","etc","cron.daily",".placeholder"],"file_size":102,"uploaded_size":102,"Type":""}
{"Timestamp":"2024-06-27T03:53:58.566375634Z","started":"2024-06-27 03:53:58.566375886 +0000 UTC","vfs_path":"/etc/cron.daily/apport","_Components":["uploads","auto","etc","cron.daily","apport"],"file_size":376,"uploaded_size":376,"Type":""}
{"Timestamp":"2024-06-27T03:53:58.566382958Z","started":"2024-06-27 03:53:58.566383088 +0000 UTC","vfs_path":"/etc/cron.daily/apt-compat","_Components":["uploads","auto","etc","cron.daily","apt-compat"],"file_size":1478,"uploaded_size":1478,"Type":""}
{"Timestamp":"2024-06-27T03:53:58.566391296Z","started":"2024-06-27 03:53:58.566391428 +0000 UTC","vfs_path":"/etc/cron.daily/bsdmainutils","_Components":["uploads","auto","etc","cron.daily","bsdmainutils"],"file_size":355,"uploaded_size":355,"Type":""}
{"Timestamp":"2024-06-27T03:53:58.566399694Z","started":"2024-06-27 03:53:58.56639983 +0000 UTC","vfs_path":"/etc/cron.daily/dpkg","_Components":["uploads","auto","etc","cron.daily","dpkg"],"file_size":1187,"uploaded_size":1187,"Type":""}
{"Timestamp":"2024-06-27T03:53:58.566407723Z","started":"2024-06-27 03:53:58.566407852 +0000 UTC","vfs_path":"/etc/cron.daily/logrotate","_Components":["uploads","auto","etc","cron.daily","logrotate"],"file_size":377,"uploaded_size":377,"Type":""}
{"Timestamp":"2024-06-27T03:53:58.566415451Z","started":"2024-06-27 03:53:58.566415591 +0000 UTC","vfs_path":"/etc/cron.daily/man-db","_Components":["uploads","auto","etc","cron.daily","man-db"],"file_size":1123,"uploaded_size":1123,"Type":""}
{"Timestamp":"2024-06-27T03:53:58.566422667Z","started":"2024-06-27 03:53:58.56642281 +0000 UTC","vfs_path":"/etc/cron.hourly/.placeholder","_Components":["uploads","auto","etc","cron.hourly",".placeholder"],"file_size":102,"uploaded_size":102,"Type":""}
{"Timestamp":"2024-06-27T03:53:58.566430357Z","started":"2024-06-27 03:53:58.566430538 +0000 UTC","vfs_path":"/var/spool/cron/atjobs/.SEQ","_Components":["uploads","auto","var","spool","cron","atjobs",".SEQ"],"file_size":2,"uploaded_size":2,"Type":""}
{"Timestamp":"2024-06-27T03:53:58.566437636Z","started":"2024-06-27 03:53:58.566437784 +0000 UTC","vfs_path":"/var/log/dpkg.log","_Components":["uploads","auto","var","log","dpkg.log"],"file_size":4677,"uploaded_size":4677,"Type":""}
{"Timestamp":"2024-06-27T03:53:58.566445711Z","started":"2024-06-27 03:53:58.566445856 +0000 UTC","vfs_path":"/var/log/apt/history.log","_Components":["uploads","auto","var","log","apt","history.log"],"file_size":566,"uploaded_size":566,"Type":""}
{"Timestamp":"2024-06-27T03:53:58.566452778Z","started":"2024-06-27 03:53:58.566452909 +0000 UTC","vfs_path":"/var/log/apt/term.log","_Components":["uploads","auto","var","log","apt","term.log"],"file_size":3734,"uploaded_size":3734,"Type":""}
{"Timestamp":"2024-06-27T03:53:58.56646018Z","started":"2024-06-27 03:53:58.56646032 +0000 UTC","vfs_path":"/var/log/auth.log","_Components":["uploads","auto","var","log","auth.log"],"file_size":21290,"uploaded_size":21290,"Type":""}
{"Timestamp":"2024-06-27T03:53:58.566468421Z","started":"2024-06-27 03:53:58.56646856 +0000 UTC","vfs_path":"/var/log/kern.log","_Components":["uploads","auto","var","log","kern.log"],"file_size":132239,"uploaded_size":132239,"Type":""}
{"Timestamp":"2024-06-27T03:53:58.566477069Z","started":"2024-06-27 03:53:58.566477569 +0000 UTC","vfs_path":"/var/log/lastlog","_Components":["uploads","auto","var","log","lastlog"],"file_size":292292,"uploaded_size":292292,"Type":""}
{"Timestamp":"2024-06-27T03:53:58.566484719Z","started":"2024-06-27 03:53:58.566484858 +0000 UTC","vfs_path":"/var/log/journal/7e0d8178c23c4baab9846b5fd29698ab/system@00061bd688ac1c29-f5e2df012f9027ff.journal~","_Components":["uploads","auto","var","log","journal","7e0d8178c23c4baab9846b5fd29698ab","system@00061bd688ac1c29-f5e2df012f9027ff.journal~"],"file_size":8388608,"uploaded_size":8388608,"Type":""}
{"Timestamp":"2024-06-27T03:53:58.566493829Z","started":"2024-06-27 03:53:58.566493974 +0000 UTC","vfs_path":"/var/log/journal/7e0d8178c23c4baab9846b5fd29698ab/system.journal","_Components":["uploads","auto","var","log","journal","7e0d8178c23c4baab9846b5fd29698ab","system.journal"],"file_size":8388608,"uploaded_size":8388608,"Type":""}
{"Timestamp":"2024-06-27T03:53:58.566502794Z","started":"2024-06-27 03:53:58.566502927 +0000 UTC","vfs_path":"/var/log/journal/7e0d8178c23c4baab9846b5fd29698ab/user-1000.journal","_Components":["uploads","auto","var","log","journal","7e0d8178c23c4baab9846b5fd29698ab","user-1000.journal"],"file_size":8388608,"uploaded_size":8388608,"Type":""}
{"Timestamp":"2024-06-27T03:53:58.566510399Z","started":"2024-06-27 03:53:58.566510529 +0000 UTC","vfs_path":"/var/log/journal/c5d9f029ac2a4328a7645ba2ba8453ef/system.journal","_Components":["uploads","auto","var","log","journal","c5d9f029ac2a4328a7645ba2ba8453ef","system.journal"],"file_size":8388608,"uploaded_size":8388608,"Type":""}
{"Timestamp":"2024-06-27T03:53:58.566518439Z","started":"2024-06-27 03:53:58.566518579 +0000 UTC","vfs_path":"/var/log/journal/c5d9f029ac2a4328a7645ba2ba8453ef/user-1000.journal","_Components":["uploads","auto","var","log","journal","c5d9f029ac2a4328a7645ba2ba8453ef","user-1000.journal"],"file_size":8388608,"uploaded_size":8388608,"Type":""}
{"Timestamp":"2024-06-27T03:53:58.56652648Z","started":"2024-06-27 03:53:58.566526608 +0000 UTC","vfs_path":"/var/log/btmp","_Components":["uploads","auto","var","log","btmp"],"file_size":0,"uploaded_size":0,"Type":""}
{"Timestamp":"2024-06-27T03:53:58.566533031Z","started":"2024-06-27 03:53:58.566533497 +0000 UTC","vfs_path":"/var/log/wtmp","_Components":["uploads","auto","var","log","wtmp"],"file_size":4992,"uploaded_size":4992,"Type":""}
{"Timestamp":"2024-06-27T03:53:58.566540257Z","started":"2024-06-27 03:53:58.566540383 +0000 UTC","vfs_path":"/var/run/utmp","_Components":["uploads","auto","var","run","utmp"],"file_size":1536,"uploaded_size":1536,"Type":""}
