{"OSPath":"/var/log/btmp","Mtime":"2024-04-10T23:25:04Z","Upload":{"Path":"/var/log/btmp","Size":0,"sha256":"e3b0c44298fc1c149afbf4c8996fb92427ae41e4649b934ca495991b7852b855","md5":"d41d8cd98f00b204e9800998ecf8427e","StoredName":"/uploads/auto/var/log/btmp","Components":["uploads","auto","var","log","btmp"]}}
{"OSPath":"/var/log/wtmp","Mtime":"2024-06-27T03:17:41Z","Upload":{"Path":"/var/log/wtmp","Size":4224,"StoredSize":4224,"sha256":"3a8f6bd14604496c6dbda72ff1ab9e5a0e467b77b74aab1b8144fb6568876530","md5":"dd3ea34e42c1f35c65d43248361ecd70","StoredName":"/uploads/auto/var/log/wtmp","Components":["uploads","auto","var","log","wtmp"]}}
{"OSPath":"/var/run/utmp","Mtime":"2024-06-27T03:17:41Z","Upload":{"Path":"/var/run/utmp","Size":1152,"StoredSize":1152,"sha256":"b09446edaa6509a8796f0f619b43cd73c0b26018c58f6894bd26253d979dbf6d","md5":"23bef3b5d0b0e997a95f2dcb225f8892","StoredName":"/uploads/auto/var/run/utmp","Components":["uploads","auto","var","run","utmp"]}}
