{"Name":"vboxsf","Size":81920,"UseCount":1,"UsedBy":null,"Status":"Live","Address":"0xffffffffc0762000"}
{"Name":"dm_multipath","Size":32768,"UseCount":0,"UsedBy":null,"Status":"Live","Address":"0xffffffffc06e1000"}
{"Name":"scsi_dh_rdac","Size":16384,"UseCount":0,"UsedBy":null,"Status":"Live","Address":"0xffffffffc06d9000"}
{"Name":"scsi_dh_emc","Size":16384,"UseCount":0,"UsedBy":null,"Status":"Live","Address":"0xffffffffc06d1000"}
{"Name":"scsi_dh_alua","Size":20480,"UseCount":0,"UsedBy":null,"Status":"Live","Address":"0xffffffffc06cb000"}
{"Name":"binfmt_misc","Size":24576,"UseCount":1,"UsedBy":null,"Status":"Live","Address":"0xffffffffc06c4000"}
{"Name":"joydev","Size":24576,"UseCount":0,"UsedBy":null,"Status":"Live","Address":"0xffffffffc06bd000"}
{"Name":"input_leds","Size":16384,"UseCount":0,"UsedBy":null,"Status":"Live","Address":"0xffffffffc06b8000"}
{"Name":"serio_raw","Size":20480,"UseCount":0,"UsedBy":null,"Status":"Live","Address":"0xffffffffc0654000"}
{"Name":"vboxguest","Size":360448,"UseCount":2,"UsedBy":"vboxsf","Status":"Live","Address":"0xffffffffc065f000"}
{"Name":"mac_hid","Size":16384,"UseCount":0,"UsedBy":null,"Status":"Live","Address":"0xffffffffc064f000"}
{"Name":"sch_fq_codel","Size":20480,"UseCount":3,"UsedBy":null,"Status":"Live","Address":"0xffffffffc062b000"}
{"Name":"ramoops","Size":28672,"UseCount":0,"UsedBy":null,"Status":"Live","Address":"0xffffffffc0623000"}
{"Name":"reed_solomon","Size":24576,"UseCount":1,"UsedBy":"ramoops","Status":"Live","Address":"0xffffffffc061c000"}
{"Name":"msr","Size":16384,"UseCount":0,"UsedBy":null,"Status":"Live","Address":"0xffffffffc0617000"}
{"Name":"efi_pstore","Size":16384,"UseCount":0,"UsedBy":null,"Status":"Live","Address":"0xffffffffc0612000"}
{"Name":"ip_tables","Size":32768,"UseCount":0,"UsedBy":null,"Status":"Live","Address":"0xffffffffc0604000"}
{"Name":"x_tables","Size":40960,"UseCount":1,"UsedBy":"ip_tables","Status":"Live","Address":"0xffffffffc05f3000"}
{"Name":"autofs4","Size":45056,"UseCount":2,"UsedBy":null,"Status":"Live","Address":"0xffffffffc03d2000"}
{"Name":"btrfs","Size":1269760,"UseCount":0,"UsedBy":null,"Status":"Live","Address":"0xffffffffc04bc000"}
{"Name":"zstd_compress","Size":167936,"UseCount":1,"UsedBy":"btrfs","Status":"Live","Address":"0xffffffffc0492000"}
{"Name":"raid10","Size":61440,"UseCount":0,"UsedBy":null,"Status":"Live","Address":"0xffffffffc0418000"}
{"Name":"raid456","Size":155648,"UseCount":0,"UsedBy":null,"Status":"Live","Address":"0xffffffffc03ab000"}
{"Name":"async_raid6_recov","Size":24576,"UseCount":1,"UsedBy":"raid456","Status":"Live","Address":"0xffffffffc03a4000"}
{"Name":"async_memcpy","Size":20480,"UseCount":2,"UsedBy":"raid456,async_raid6_recov","Status":"Live","Address":"0xffffffffc030e000"}
{"Name":"async_pq","Size":24576,"UseCount":2,"UsedBy":"raid456,async_raid6_recov","Status":"Live","Address":"0xffffffffc039d000"}
{"Name":"async_xor","Size":20480,"UseCount":3,"UsedBy":"raid456,async_raid6_recov,async_pq","Status":"Live","Address":"0xffffffffc02fd000"}
{"Name":"async_tx","Size":20480,"UseCount":5,"UsedBy":"raid456,async_raid6_recov,async_memcpy,async_pq,async_xor","Status":"Live","Address":"0xffffffffc029a000"}
{"Name":"xor","Size":24576,"UseCount":2,"UsedBy":"btrfs,async_xor","Status":"Live","Address":"0xffffffffc028a000"}
{"Name":"raid6_pq","Size":114688,"UseCount":4,"UsedBy":"btrfs,raid456,async_raid6_recov,async_pq","Status":"Live","Address":"0xffffffffc0380000"}
{"Name":"libcrc32c","Size":16384,"UseCount":2,"UsedBy":"btrfs,raid456","Status":"Live","Address":"0xffffffffc0202000"}
{"Name":"raid1","Size":45056,"UseCount":0,"UsedBy":null,"Status":"Live","Address":"0xffffffffc01f1000"}
{"Name":"raid0","Size":24576,"UseCount":0,"UsedBy":null,"Status":"Live","Address":"0xffffffffc01e6000"}
{"Name":"multipath","Size":20480,"UseCount":0,"UsedBy":null,"Status":"Live","Address":"0xffffffffc01dc000"}
{"Name":"linear","Size":20480,"UseCount":0,"UsedBy":null,"Status":"Live","Address":"0xffffffffc01c3000"}
{"Name":"crct10dif_pclmul","Size":16384,"UseCount":1,"UsedBy":null,"Status":"Live","Address":"0xffffffffc0295000"}
{"Name":"crc32_pclmul","Size":16384,"UseCount":0,"UsedBy":null,"Status":"Live","Address":"0xffffffffc01d7000"}
{"Name":"ghash_clmulni_intel","Size":16384,"UseCount":0,"UsedBy":null,"Status":"Live","Address":"0xffffffffc02a2000"}
{"Name":"vmwgfx","Size":299008,"UseCount":1,"UsedBy":null,"Status":"Live","Address":"0xffffffffc0448000"}
{"Name":"ttm","Size":106496,"UseCount":1,"UsedBy":"vmwgfx","Status":"Live","Address":"0xffffffffc042d000"}
{"Name":"drm_kms_helper","Size":184320,"UseCount":1,"UsedBy":"vmwgfx","Status":"Live","Address":"0xffffffffc03ea000"}
{"Name":"syscopyarea","Size":16384,"UseCount":1,"UsedBy":"drm_kms_helper","Status":"Live","Address":"0xffffffffc0285000"}
{"Name":"aesni_intel","Size":372736,"UseCount":0,"UsedBy":null,"Status":"Live","Address":"0xffffffffc0324000"}
{"Name":"sysfillrect","Size":16384,"UseCount":1,"UsedBy":"drm_kms_helper","Status":"Live","Address":"0xffffffffc0309000"}
{"Name":"crypto_simd","Size":16384,"UseCount":1,"UsedBy":"aesni_intel","Status":"Live","Address":"0xffffffffc031c000"}
{"Name":"sysimgblt","Size":16384,"UseCount":1,"UsedBy":"drm_kms_helper","Status":"Live","Address":"0xffffffffc0315000"}
{"Name":"fb_sys_fops","Size":16384,"UseCount":1,"UsedBy":"drm_kms_helper","Status":"Live","Address":"0xffffffffc02d8000"}
{"Name":"cryptd","Size":24576,"UseCount":2,"UsedBy":"ghash_clmulni_intel,crypto_simd","Status":"Live","Address":"0xffffffffc02d1000"}
{"Name":"glue_helper","Size":16384,"UseCount":1,"UsedBy":"aesni_intel","Status":"Live","Address":"0xffffffffc0304000"}
{"Name":"drm","Size":495616,"UseCount":4,"UsedBy":"vmwgfx,ttm,drm_kms_helper","Status":"Live","Address":"0xffffffffc020b000"}
{"Name":"video","Size":57344,"UseCount":0,"UsedBy":null,"Status":"Live","Address":"0xffffffffc02de000"}
{"Name":"psmouse","Size":155648,"UseCount":0,"UsedBy":null,"Status":"Live","Address":"0xffffffffc02aa000"}
{"Name":"ahci","Size":40960,"UseCount":2,"UsedBy":null,"Status":"Live","Address":"0xffffffffc02f2000"}
{"Name":"libahci","Size":36864,"UseCount":1,"UsedBy":"ahci","Status":"Live","Address":"0xffffffffc01cd000"}
{"Name":"e1000","Size":147456,"UseCount":0,"UsedBy":null,"Status":"Live","Address":"0xffffffffc019e000"}
{"Name":"pata_acpi","Size":16384,"UseCount":0,"UsedBy":null,"Status":"Live","Address":"0xffffffffc0196000"}
{"Name":"i2c_piix4","Size":28672,"UseCount":0,"UsedBy":null,"Status":"Live","Address":"0xffffffffc018a000"}
