{"OSPath":"/var/log/dpkg.log","Mtime":"2024-06-27T03:09:20Z","Upload":{"Path":"/var/log/dpkg.log","Size":4677,"StoredSize":4677,"sha256":"899a3c71d27e04b4ca51dba980f76e3d7ded30a365a750893c0806481420b364","md5":"4c49ba6c0421b750883885981f71d400","StoredName":"/uploads/auto/var/log/dpkg.log","Components":["uploads","auto","var","log","dpkg.log"]}}
{"OSPath":"/var/log/apt/history.log","Mtime":"2024-06-27T03:09:20Z","Upload":{"Path":"/var/log/apt/history.log","Size":566,"StoredSize":566,"sha256":"a24e52315761d97ad6a49f3426b6172ac51694dab724b83a0bd3039acd3fd549","md5":"1b5b469c3873c3b987dbb55819083383","StoredName":"/uploads/auto/var/log/apt/history.log","Components":["uploads","auto","var","log","apt","history.log"]}}
{"OSPath":"/var/log/apt/term.log","Mtime":"2024-06-27T03:09:20Z","Upload":{"Path":"/var/log/apt/term.log","Size":3734,"StoredSize":3734,"sha256":"5b890082f534c01168e3990a7404b8dda632f549dfd3c051c61e7bf4689dc948","md5":"e3120a628f996e2fbc0bd04e753989d7","StoredName":"/uploads/auto/var/log/apt/term.log","Components":["uploads","auto","var","log","apt","term.log"]}}
