{"Device":"sysfs","Mount":"/sys","FSType":"sysfs","Options":["rw","nosuid","nodev","noexec","relatime"]}
{"Device":"proc","Mount":"/proc","FSType":"proc","Options":["rw","nosuid","nodev","noexec","relatime"]}
{"Device":"udev","Mount":"/dev","FSType":"devtmpfs","Options":["rw","nosuid","noexec","relatime","size=1960628k","nr_inodes=490157","mode=755"]}
{"Device":"devpts","Mount":"/dev/pts","FSType":"devpts","Options":["rw","nosuid","noexec","relatime","gid=5","mode=620","ptmxmode=000"]}
{"Device":"tmpfs","Mount":"/run","FSType":"tmpfs","Options":["rw","nosuid","nodev","noexec","relatime","size=401408k","mode=755"]}
{"Device":"/dev/mapper/ubuntu--vg-ubuntu--lv","Mount":"/","FSType":"ext4","Options":["rw","relatime"]}
{"Device":"securityfs","Mount":"/sys/kernel/security","FSType":"securityfs","Options":["rw","nosuid","nodev","noexec","relatime"]}
{"Device":"tmpfs","Mount":"/dev/shm","FSType":"tmpfs","Options":["rw","nosuid","nodev"]}
{"Device":"tmpfs","Mount":"/run/lock","FSType":"tmpfs","Options":["rw","nosuid","nodev","noexec","relatime","size=5120k"]}
{"Device":"tmpfs","Mount":"/sys/fs/cgroup","FSType":"tmpfs","Options":["ro","nosuid","nodev","noexec","mode=755"]}
{"Device":"cgroup2","Mount":"/sys/fs/cgroup/unified","FSType":"cgroup2","Options":["rw","nosuid","nodev","noexec","relatime","nsdelegate"]}
{"Device":"cgroup","Mount":"/sys/fs/cgroup/systemd","FSType":"cgroup","Options":["rw","nosuid","nodev","noexec","relatime","xattr","name=systemd"]}
{"Device":"pstore","Mount":"/sys/fs/pstore","FSType":"pstore","Options":["rw","nosuid","nodev","noexec","relatime"]}
{"Device":"none","Mount":"/sys/fs/bpf","FSType":"bpf","Options":["rw","nosuid","nodev","noexec","relatime","mode=700"]}
{"Device":"cgroup","Mount":"/sys/fs/cgroup/net_cls,net_prio","FSType":"cgroup","Options":["rw","nosuid","nodev","noexec","relatime","net_cls","net_prio"]}
{"Device":"cgroup","Mount":"/sys/fs/cgroup/pids","FSType":"cgroup","Options":["rw","nosuid","nodev","noexec","relatime","pids"]}
{"Device":"cgroup","Mount":"/sys/fs/cgroup/hugetlb","FSType":"cgroup","Options":["rw","nosuid","nodev","noexec","relatime","hugetlb"]}
{"Device":"cgroup","Mount":"/sys/fs/cgroup/cpuset","FSType":"cgroup","Options":["rw","nosuid","nodev","noexec","relatime","cpuset"]}
{"Device":"cgroup","Mount":"/sys/fs/cgroup/perf_event","FSType":"cgroup","Options":["rw","nosuid","nodev","noexec","relatime","perf_event"]}
{"Device":"cgroup","Mount":"/sys/fs/cgroup/rdma","FSType":"cgroup","Options":["rw","nosuid","nodev","noexec","relatime","rdma"]}
{"Device":"cgroup","Mount":"/sys/fs/cgroup/freezer","FSType":"cgroup","Options":["rw","nosuid","nodev","noexec","relatime","freezer"]}
{"Device":"cgroup","Mount":"/sys/fs/cgroup/blkio","FSType":"cgroup","Options":["rw","nosuid","nodev","noexec","relatime","blkio"]}
{"Device":"cgroup","Mount":"/sys/fs/cgroup/cpu,cpuacct","FSType":"cgroup","Options":["rw","nosuid","nodev","noexec","relatime","cpu","cpuacct"]}
{"Device":"cgroup","Mount":"/sys/fs/cgroup/memory","FSType":"cgroup","Options":["rw","nosuid","nodev","noexec","relatime","memory"]}
{"Device":"cgroup","Mount":"/sys/fs/cgroup/devices","FSType":"cgroup","Options":["rw","nosuid","nodev","noexec","relatime","devices"]}
{"Device":"systemd-1","Mount":"/proc/sys/fs/binfmt_misc","FSType":"autofs","Options":["rw","relatime","fd=28","pgrp=1","timeout=0","minproto=5","maxproto=5","direct","pipe_ino=15142"]}
{"Device":"hugetlbfs","Mount":"/dev/hugepages","FSType":"hugetlbfs","Options":["rw","relatime","pagesize=2M"]}
{"Device":"mqueue","Mount":"/dev/mqueue","FSType":"mqueue","Options":["rw","nosuid","nodev","noexec","relatime"]}
{"Device":"debugfs","Mount":"/sys/kernel/debug","FSType":"debugfs","Options":["rw","nosuid","nodev","noexec","relatime"]}
{"Device":"tracefs","Mount":"/sys/kernel/tracing","FSType":"tracefs","Options":["rw","nosuid","nodev","noexec","relatime"]}
{"Device":"configfs","Mount":"/sys/kernel/config","FSType":"configfs","Options":["rw","nosuid","nodev","noexec","relatime"]}
{"Device":"fusectl","Mount":"/sys/fs/fuse/connections","FSType":"fusectl","Options":["rw","nosuid","nodev","noexec","relatime"]}
{"Device":"binfmt_misc","Mount":"/proc/sys/fs/binfmt_misc","FSType":"binfmt_misc","Options":["rw","nosuid","nodev","noexec","relatime"]}
{"Device":"/dev/loop1","Mount":"/snap/snapd/18357","FSType":"squashfs","Options":["ro","nodev","relatime"]}
{"Device":"/dev/loop0","Mount":"/snap/core20/1828","FSType":"squashfs","Options":["ro","nodev","relatime"]}
{"Device":"/dev/loop2","Mount":"/snap/lxd/24061","FSType":"squashfs","Options":["ro","nodev","relatime"]}
{"Device":"/dev/sda2","Mount":"/boot","FSType":"ext4","Options":["rw","relatime"]}
{"Device":"tmpfs","Mount":"/run/snapd/ns","FSType":"tmpfs","Options":["rw","nosuid","nodev","noexec","relatime","size=401408k","mode=755"]}
{"Device":"nsfs","Mount":"/run/snapd/ns/lxd.mnt","FSType":"nsfs","Options":["rw"]}
{"Device":"tmpfs","Mount":"/run/user/1000","FSType":"tmpfs","Options":["rw","nosuid","nodev","relatime","size=401404k","mode=700","uid=1000","gid=1000"]}
{"Device":"vagrant","Mount":"/vagrant","FSType":"vboxsf","Options":["rw","nodev","relatime","iocharset=utf8","uid=1000","gid=1000"]}
