{"Group":"root","GID":0,"Members":[]}
{"Group":"daemon","GID":1,"Members":[]}
{"Group":"bin","GID":2,"Members":[]}
{"Group":"sys","GID":3,"Members":[]}
{"Group":"adm","GID":4,"Members":["syslog","vagrant"]}
{"Group":"tty","GID":5,"Members":["syslog"]}
{"Group":"disk","GID":6,"Members":[]}
{"Group":"lp","GID":7,"Members":[]}
{"Group":"mail","GID":8,"Members":[]}
{"Group":"news","GID":9,"Members":[]}
{"Group":"uucp","GID":10,"Members":[]}
{"Group":"man","GID":12,"Members":[]}
{"Group":"proxy","GID":13,"Members":[]}
{"Group":"kmem","GID":15,"Members":[]}
{"Group":"dialout","GID":20,"Members":[]}
{"Group":"fax","GID":21,"Members":[]}
{"Group":"voice","GID":22,"Members":[]}
{"Group":"cdrom","GID":24,"Members":["vagrant"]}
{"Group":"floppy","GID":25,"Members":[]}
{"Group":"tape","GID":26,"Members":[]}
{"Group":"sudo","GID":27,"Members":["vagrant"]}
{"Group":"audio","GID":29,"Members":[]}
{"Group":"dip","GID":30,"Members":["vagrant"]}
{"Group":"www-data","GID":33,"Members":[]}
{"Group":"backup","GID":34,"Members":[]}
{"Group":"operator","GID":37,"Members":[]}
{"Group":"list","GID":38,"Members":[]}
{"Group":"irc","GID":39,"Members":[]}
{"Group":"src","GID":40,"Members":[]}
{"Group":"gnats","GID":41,"Members":[]}
{"Group":"shadow","GID":42,"Members":[]}
{"Group":"utmp","GID":43,"Members":[]}
{"Group":"video","GID":44,"Members":[]}
{"Group":"sasl","GID":45,"Members":[]}
{"Group":"plugdev","GID":46,"Members":["vagrant"]}
{"Group":"staff","GID":50,"Members":[]}
{"Group":"games","GID":60,"Members":[]}
{"Group":"users","GID":100,"Members":[]}
{"Group":"nogroup","GID":65534,"Members":[]}
{"Group":"systemd-journal","GID":101,"Members":[]}
{"Group":"systemd-network","GID":102,"Members":[]}
{"Group":"systemd-resolve","GID":103,"Members":[]}
{"Group":"systemd-timesync","GID":104,"Members":[]}
{"Group":"crontab","GID":105,"Members":[]}
{"Group":"messagebus","GID":106,"Members":[]}
{"Group":"input","GID":107,"Members":[]}
{"Group":"kvm","GID":108,"Members":[]}
{"Group":"render","GID":109,"Members":[]}
{"Group":"syslog","GID":110,"Members":[]}
{"Group":"tss","GID":111,"Members":[]}
{"Group":"uuidd","GID":112,"Members":[]}
{"Group":"tcpdump","GID":113,"Members":[]}
{"Group":"ssh","GID":114,"Members":[]}
{"Group":"landscape","GID":115,"Members":[]}
{"Group":"fwupd-refresh","GID":116,"Members":[]}
{"Group":"lxd","GID":117,"Members":["vagrant"]}
{"Group":"systemd-coredump","GID":999,"Members":[]}
{"Group":"vagrant","GID":1000,"Members":[]}
{"Group":"vboxsf","GID":998,"Members":[]}
{"Group":"vboxdrmipc","GID":997,"Members":[]}
