{"Pid":"1","Ppid":"0","Name":"systemd","CommandLine":"/sbin/init autoinstall","Exe":"/usr/lib/systemd/systemd","Hash":{"MD5":"a54e97d29db62bb891b383d0cce9d456","SHA1":"9a3c93f56d3386ef66c2b5f4129b7a3b00054b1e","SHA256":"de7197c812a31fa89528705da96d277276b1a150088841b42e51b72f85b4916e"},"Username":"root","CreatedTime":"2024-06-27T03:14:35Z","RSS":11902976,"Deleted":false}
{"Pid":"10","Ppid":"2","Name":"rcu_sched","CommandLine":"","Exe":"","Hash":{"MD5":"d41d8cd98f00b204e9800998ecf8427e","SHA1":"da39a3ee5e6b4b0d3255bfef95601890afd80709","SHA256":"e3b0c44298fc1c149afbf4c8996fb92427ae41e4649b934ca495991b7852b855"},"Username":"root","CreatedTime":"2024-06-27T03:14:35Z","RSS":0,"Deleted":false}
{"Pid":"100","Ppid":"2","Name":"ipv6_addrconf","CommandLine":"","Exe":"","Hash":{"MD5":"d41d8cd98f00b204e9800998ecf8427e","SHA1":"da39a3ee5e6b4b0d3255bfef95601890afd80709","SHA256":"e3b0c44298fc1c149afbf4c8996fb92427ae41e4649b934ca495991b7852b855"},"Username":"root","CreatedTime":"2024-06-27T03:14:37Z","RSS":0,"Deleted":false}
{"Pid":"1081","Ppid":"1","Name":"systemd","CommandLine":"/lib/systemd/systemd --user","Exe":"/usr/lib/systemd/systemd","Hash":{"MD5":"a54e97d29db62bb891b383d0cce9d456","SHA1":"9a3c93f56d3386ef66c2b5f4129b7a3b00054b1e","SHA256":"de7197c812a31fa89528705da96d277276b1a150088841b42e51b72f85b4916e"},"Username":"vagrant","CreatedTime":"2024-06-27T03:17:40Z","RSS":10170368,"Deleted":false}
{"Pid":"1082","Ppid":"1081","Name":"(sd-pam)","CommandLine":"(sd-pam)","Exe":"/usr/lib/systemd/systemd","Hash":{"MD5":"a54e97d29db62bb891b383d0cce9d456","SHA1":"9a3c93f56d3386ef66c2b5f4129b7a3b00054b1e","SHA256":"de7197c812a31fa89528705da96d277276b1a150088841b42e51b72f85b4916e"},"Username":"vagrant","CreatedTime":"2024-06-27T03:17:40Z","RSS":3432448,"Deleted":false}
{"Pid":"1087","Ppid":"725","Name":"bash","CommandLine":"-bash","Exe":"/usr/bin/bash","Hash":{"MD5":"23c415748ff840b296d0b93f98649dec","SHA1":"439667f622b84ecb9f381be93cc9139f83a92f66","SHA256":"025cf78cd9d276019e916b97b0decd10cacb14902db8eb9f28233019babfb331"},"Username":"vagrant","CreatedTime":"2024-06-27T03:17:41Z","RSS":4247552,"Deleted":false}
{"Pid":"11","Ppid":"2","Name":"migration/0","CommandLine":"","Exe":"","Hash":{"MD5":"d41d8cd98f00b204e9800998ecf8427e","SHA1":"da39a3ee5e6b4b0d3255bfef95601890afd80709","SHA256":"e3b0c44298fc1c149afbf4c8996fb92427ae41e4649b934ca495991b7852b855"},"Username":"root","CreatedTime":"2024-06-27T03:14:35Z","RSS":0,"Deleted":false}
{"Pid":"110","Ppid":"2","Name":"kstrp","CommandLine":"","Exe":"","Hash":{"MD5":"d41d8cd98f00b204e9800998ecf8427e","SHA1":"da39a3ee5e6b4b0d3255bfef95601890afd80709","SHA256":"e3b0c44298fc1c149afbf4c8996fb92427ae41e4649b934ca495991b7852b855"},"Username":"root","CreatedTime":"2024-06-27T03:14:37Z","RSS":0,"Deleted":false}
{"Pid":"113","Ppid":"2","Name":"kworker/u5:0","CommandLine":"","Exe":"","Hash":{"MD5":"d41d8cd98f00b204e9800998ecf8427e","SHA1":"da39a3ee5e6b4b0d3255bfef95601890afd80709","SHA256":"e3b0c44298fc1c149afbf4c8996fb92427ae41e4649b934ca495991b7852b855"},"Username":"root","CreatedTime":"2024-06-27T03:14:37Z","RSS":0,"Deleted":false}
{"Pid":"1138","Ppid":"2","Name":"kworker/1:0","CommandLine":"","Exe":"","Hash":{"MD5":"d41d8cd98f00b204e9800998ecf8427e","SHA1":"da39a3ee5e6b4b0d3255bfef95601890afd80709","SHA256":"e3b0c44298fc1c149afbf4c8996fb92427ae41e4649b934ca495991b7852b855"},"Username":"root","CreatedTime":"2024-06-27T03:20:29Z","RSS":0,"Deleted":false}
{"Pid":"1139","Ppid":"2","Name":"kworker/u4:0-events_power_efficient","CommandLine":"","Exe":"","Hash":{"MD5":"d41d8cd98f00b204e9800998ecf8427e","SHA1":"da39a3ee5e6b4b0d3255bfef95601890afd80709","SHA256":"e3b0c44298fc1c149afbf4c8996fb92427ae41e4649b934ca495991b7852b855"},"Username":"root","CreatedTime":"2024-06-27T03:20:56Z","RSS":0,"Deleted":false}
{"Pid":"1141","Ppid":"1087","Name":"sudo","CommandLine":"sudo /vagrant/res/Collector_velociraptor-v0.72.0-linux-amd64-musl","Exe":"/usr/bin/sudo","Hash":{"MD5":"ea962dfe3798a39f85e7206ec24b2c88","SHA1":"196910787e7a41b7944842833da15cce11dd03f4","SHA256":"aa14020c0639285fc2e4592eaf6a4e8e9c5fa799bc7bda3ee929a0b5593239dc"},"Username":"root","CreatedTime":"2024-06-27T03:21:39Z","RSS":4734976,"Deleted":false}
{"Pid":"1142","Ppid":"1141","Name":"Collector_velociraptor-v0.72.0-linux-amd64-musl","CommandLine":"/vagrant/res/Collector_velociraptor-v0.72.0-linux-amd64-musl","Exe":"/vagrant/res/Collector_velociraptor-v0.72.0-linux-amd64-musl","Hash":{"MD5":"8b259276da466366207173d18c1b7e8b","SHA1":"63662613bef628bf88b3030e7858718ab7217d17","SHA256":"182ee1db4becbee942ddd6ef97cf01f07df7b76706c67dd813dd3affae415b7c"},"Username":"root","CreatedTime":"2024-06-27T03:21:39Z","RSS":82432000,"Deleted":false}
{"Pid":"1148","Ppid":"439","Name":"systemd-udevd","CommandLine":"/lib/systemd/systemd-udevd","Exe":"/usr/lib/systemd/systemd-udevd","Hash":{"MD5":"9335a7b13ca3bc511c048994872a68cb","SHA1":"97ec759921197b86091ec444b20a3052feeccb86","SHA256":"1e21f6740d81703f56666582fbb4dc1dbbbe5600bc71a59df69fad9fea8644b4"},"Username":"root","CreatedTime":"2024-06-27T03:21:41Z","RSS":4001792,"Deleted":false}
{"Pid":"12","Ppid":"2","Name":"idle_inject/0","CommandLine":"","Exe":"","Hash":{"MD5":"d41d8cd98f00b204e9800998ecf8427e","SHA1":"da39a3ee5e6b4b0d3255bfef95601890afd80709","SHA256":"e3b0c44298fc1c149afbf4c8996fb92427ae41e4649b934ca495991b7852b855"},"Username":"root","CreatedTime":"2024-06-27T03:14:35Z","RSS":0,"Deleted":false}
{"Pid":"126","Ppid":"2","Name":"charger_manager","CommandLine":"","Exe":"","Hash":{"MD5":"d41d8cd98f00b204e9800998ecf8427e","SHA1":"da39a3ee5e6b4b0d3255bfef95601890afd80709","SHA256":"e3b0c44298fc1c149afbf4c8996fb92427ae41e4649b934ca495991b7852b855"},"Username":"root","CreatedTime":"2024-06-27T03:14:37Z","RSS":0,"Deleted":false}
{"Pid":"13","Ppid":"2","Name":"kworker/0:1-events","CommandLine":"","Exe":"","Hash":{"MD5":"d41d8cd98f00b204e9800998ecf8427e","SHA1":"da39a3ee5e6b4b0d3255bfef95601890afd80709","SHA256":"e3b0c44298fc1c149afbf4c8996fb92427ae41e4649b934ca495991b7852b855"},"Username":"root","CreatedTime":"2024-06-27T03:14:35Z","RSS":0,"Deleted":false}
{"Pid":"14","Ppid":"2","Name":"cpuhp/0","CommandLine":"","Exe":"","Hash":{"MD5":"d41d8cd98f00b204e9800998ecf8427e","SHA1":"da39a3ee5e6b4b0d3255bfef95601890afd80709","SHA256":"e3b0c44298fc1c149afbf4c8996fb92427ae41e4649b934ca495991b7852b855"},"Username":"root","CreatedTime":"2024-06-27T03:14:35Z","RSS":0,"Deleted":false}
{"Pid":"15","Ppid":"2","Name":"cpuhp/1","CommandLine":"","Exe":"","Hash":{"MD5":"d41d8cd98f00b204e9800998ecf8427e","SHA1":"da39a3ee5e6b4b0d3255bfef95601890afd80709","SHA256":"e3b0c44298fc1c149afbf4c8996fb92427ae41e4649b934ca495991b7852b855"},"Username":"root","CreatedTime":"2024-06-27T03:14:35Z","RSS":0,"Deleted":false}
{"Pid":"16","Ppid":"2","Name":"idle_inject/1","CommandLine":"","Exe":"","Hash":{"MD5":"d41d8cd98f00b204e9800998ecf8427e","SHA1":"da39a3ee5e6b4b0d3255bfef95601890afd80709","SHA256":"e3b0c44298fc1c149afbf4c8996fb92427ae41e4649b934ca495991b7852b855"},"Username":"root","CreatedTime":"2024-06-27T03:14:35Z","RSS":0,"Deleted":false}
{"Pid":"17","Ppid":"2","Name":"migration/1","CommandLine":"","Exe":"","Hash":{"MD5":"d41d8cd98f00b204e9800998ecf8427e","SHA1":"da39a3ee5e6b4b0d3255bfef95601890afd80709","SHA256":"e3b0c44298fc1c149afbf4c8996fb92427ae41e4649b934ca495991b7852b855"},"Username":"root","CreatedTime":"2024-06-27T03:14:35Z","RSS":0,"Deleted":false}
{"Pid":"178","Ppid":"2","Name":"cryptd","CommandLine":"","Exe":"","Hash":{"MD5":"d41d8cd98f00b204e9800998ecf8427e","SHA1":"da39a3ee5e6b4b0d3255bfef95601890afd80709","SHA256":"e3b0c44298fc1c149afbf4c8996fb92427ae41e4649b934ca495991b7852b855"},"Username":"root","CreatedTime":"2024-06-27T03:14:37Z","RSS":0,"Deleted":false}
{"Pid":"18","Ppid":"2","Name":"ksoftirqd/1","CommandLine":"","Exe":"","Hash":{"MD5":"d41d8cd98f00b204e9800998ecf8427e","SHA1":"da39a3ee5e6b4b0d3255bfef95601890afd80709","SHA256":"e3b0c44298fc1c149afbf4c8996fb92427ae41e4649b934ca495991b7852b855"},"Username":"root","CreatedTime":"2024-06-27T03:14:35Z","RSS":0,"Deleted":false}
{"Pid":"180","Ppid":"2","Name":"kworker/1:2-events","CommandLine":"","Exe":"","Hash":{"MD5":"d41d8cd98f00b204e9800998ecf8427e","SHA1":"da39a3ee5e6b4b0d3255bfef95601890afd80709","SHA256":"e3b0c44298fc1c149afbf4c8996fb92427ae41e4649b934ca495991b7852b855"},"Username":"root","CreatedTime":"2024-06-27T03:14:37Z","RSS":0,"Deleted":false}
{"Pid":"185","Ppid":"2","Name":"kworker/1:3-kdmflush","CommandLine":"","Exe":"","Hash":{"MD5":"d41d8cd98f00b204e9800998ecf8427e","SHA1":"da39a3ee5e6b4b0d3255bfef95601890afd80709","SHA256":"e3b0c44298fc1c149afbf4c8996fb92427ae41e4649b934ca495991b7852b855"},"Username":"root","CreatedTime":"2024-06-27T03:14:37Z","RSS":0,"Deleted":false}
{"Pid":"193","Ppid":"2","Name":"scsi_eh_2","CommandLine":"","Exe":"","Hash":{"MD5":"d41d8cd98f00b204e9800998ecf8427e","SHA1":"da39a3ee5e6b4b0d3255bfef95601890afd80709","SHA256":"e3b0c44298fc1c149afbf4c8996fb92427ae41e4649b934ca495991b7852b855"},"Username":"root","CreatedTime":"2024-06-27T03:14:37Z","RSS":0,"Deleted":false}
{"Pid":"194","Ppid":"2","Name":"scsi_tmf_2","CommandLine":"","Exe":"","Hash":{"MD5":"d41d8cd98f00b204e9800998ecf8427e","SHA1":"da39a3ee5e6b4b0d3255bfef95601890afd80709","SHA256":"e3b0c44298fc1c149afbf4c8996fb92427ae41e4649b934ca495991b7852b855"},"Username":"root","CreatedTime":"2024-06-27T03:14:37Z","RSS":0,"Deleted":false}
{"Pid":"197","Ppid":"2","Name":"scsi_eh_3","CommandLine":"","Exe":"","Hash":{"MD5":"d41d8cd98f00b204e9800998ecf8427e","SHA1":"da39a3ee5e6b4b0d3255bfef95601890afd80709","SHA256":"e3b0c44298fc1c149afbf4c8996fb92427ae41e4649b934ca495991b7852b855"},"Username":"root","CreatedTime":"2024-06-27T03:14:37Z","RSS":0,"Deleted":false}
{"Pid":"198","Ppid":"2","Name":"scsi_tmf_3","CommandLine":"","Exe":"","Hash":{"MD5":"d41d8cd98f00b204e9800998ecf8427e","SHA1":"da39a3ee5e6b4b0d3255bfef95601890afd80709","SHA256":"e3b0c44298fc1c149afbf4c8996fb92427ae41e4649b934ca495991b7852b855"},"Username":"root","CreatedTime":"2024-06-27T03:14:37Z","RSS":0,"Deleted":false}
{"Pid":"2","Ppid":"0","Name":"kthreadd","CommandLine":"","Exe":"","Hash":{"MD5":"d41d8cd98f00b204e9800998ecf8427e","SHA1":"da39a3ee5e6b4b0d3255bfef95601890afd80709","SHA256":"e3b0c44298fc1c149afbf4c8996fb92427ae41e4649b934ca495991b7852b855"},"Username":"root","CreatedTime":"2024-06-27T03:14:35Z","RSS":0,"Deleted":false}
{"Pid":"20","Ppid":"2","Name":"kworker/1:0H-kblockd","CommandLine":"","Exe":"","Hash":{"MD5":"d41d8cd98f00b204e9800998ecf8427e","SHA1":"da39a3ee5e6b4b0d3255bfef95601890afd80709","SHA256":"e3b0c44298fc1c149afbf4c8996fb92427ae41e4649b934ca495991b7852b855"},"Username":"root","CreatedTime":"2024-06-27T03:14:35Z","RSS":0,"Deleted":false}
{"Pid":"201","Ppid":"2","Name":"scsi_eh_4","CommandLine":"","Exe":"","Hash":{"MD5":"d41d8cd98f00b204e9800998ecf8427e","SHA1":"da39a3ee5e6b4b0d3255bfef95601890afd80709","SHA256":"e3b0c44298fc1c149afbf4c8996fb92427ae41e4649b934ca495991b7852b855"},"Username":"root","CreatedTime":"2024-06-27T03:14:37Z","RSS":0,"Deleted":false}
{"Pid":"202","Ppid":"2","Name":"scsi_tmf_4","CommandLine":"","Exe":"","Hash":{"MD5":"d41d8cd98f00b204e9800998ecf8427e","SHA1":"da39a3ee5e6b4b0d3255bfef95601890afd80709","SHA256":"e3b0c44298fc1c149afbf4c8996fb92427ae41e4649b934ca495991b7852b855"},"Username":"root","CreatedTime":"2024-06-27T03:14:37Z","RSS":0,"Deleted":false}
{"Pid":"204","Ppid":"2","Name":"scsi_eh_5","CommandLine":"","Exe":"","Hash":{"MD5":"d41d8cd98f00b204e9800998ecf8427e","SHA1":"da39a3ee5e6b4b0d3255bfef95601890afd80709","SHA256":"e3b0c44298fc1c149afbf4c8996fb92427ae41e4649b934ca495991b7852b855"},"Username":"root","CreatedTime":"2024-06-27T03:14:37Z","RSS":0,"Deleted":false}
{"Pid":"206","Ppid":"2","Name":"scsi_tmf_5","CommandLine":"","Exe":"","Hash":{"MD5":"d41d8cd98f00b204e9800998ecf8427e","SHA1":"da39a3ee5e6b4b0d3255bfef95601890afd80709","SHA256":"e3b0c44298fc1c149afbf4c8996fb92427ae41e4649b934ca495991b7852b855"},"Username":"root","CreatedTime":"2024-06-27T03:14:37Z","RSS":0,"Deleted":false}
{"Pid":"207","Ppid":"2","Name":"irq/18-vmwgfx","CommandLine":"","Exe":"","Hash":{"MD5":"d41d8cd98f00b204e9800998ecf8427e","SHA1":"da39a3ee5e6b4b0d3255bfef95601890afd80709","SHA256":"e3b0c44298fc1c149afbf4c8996fb92427ae41e4649b934ca495991b7852b855"},"Username":"root","CreatedTime":"2024-06-27T03:14:37Z","RSS":0,"Deleted":false}
{"Pid":"208","Ppid":"2","Name":"scsi_eh_6","CommandLine":"","Exe":"","Hash":{"MD5":"d41d8cd98f00b204e9800998ecf8427e","SHA1":"da39a3ee5e6b4b0d3255bfef95601890afd80709","SHA256":"e3b0c44298fc1c149afbf4c8996fb92427ae41e4649b934ca495991b7852b855"},"Username":"root","CreatedTime":"2024-06-27T03:14:37Z","RSS":0,"Deleted":false}
{"Pid":"209","Ppid":"2","Name":"scsi_tmf_6","CommandLine":"","Exe":"","Hash":{"MD5":"d41d8cd98f00b204e9800998ecf8427e","SHA1":"da39a3ee5e6b4b0d3255bfef95601890afd80709","SHA256":"e3b0c44298fc1c149afbf4c8996fb92427ae41e4649b934ca495991b7852b855"},"Username":"root","CreatedTime":"2024-06-27T03:14:37Z","RSS":0,"Deleted":false}
{"Pid":"21","Ppid":"2","Name":"kdevtmpfs","CommandLine":"","Exe":"","Hash":{"MD5":"d41d8cd98f00b204e9800998ecf8427e","SHA1":"da39a3ee5e6b4b0d3255bfef95601890afd80709","SHA256":"e3b0c44298fc1c149afbf4c8996fb92427ae41e4649b934ca495991b7852b855"},"Username":"root","CreatedTime":"2024-06-27T03:14:35Z","RSS":0,"Deleted":false}
{"Pid":"210","Ppid":"2","Name":"scsi_eh_7","CommandLine":"","Exe":"","Hash":{"MD5":"d41d8cd98f00b204e9800998ecf8427e","SHA1":"da39a3ee5e6b4b0d3255bfef95601890afd80709","SHA256":"e3b0c44298fc1c149afbf4c8996fb92427ae41e4649b934ca495991b7852b855"},"Username":"root","CreatedTime":"2024-06-27T03:14:37Z","RSS":0,"Deleted":false}
{"Pid":"211","Ppid":"2","Name":"scsi_tmf_7","CommandLine":"","Exe":"","Hash":{"MD5":"d41d8cd98f00b204e9800998ecf8427e","SHA1":"da39a3ee5e6b4b0d3255bfef95601890afd80709","SHA256":"e3b0c44298fc1c149afbf4c8996fb92427ae41e4649b934ca495991b7852b855"},"Username":"root","CreatedTime":"2024-06-27T03:14:37Z","RSS":0,"Deleted":false}
{"Pid":"213","Ppid":"2","Name":"scsi_eh_8","CommandLine":"","Exe":"","Hash":{"MD5":"d41d8cd98f00b204e9800998ecf8427e","SHA1":"da39a3ee5e6b4b0d3255bfef95601890afd80709","SHA256":"e3b0c44298fc1c149afbf4c8996fb92427ae41e4649b934ca495991b7852b855"},"Username":"root","CreatedTime":"2024-06-27T03:14:37Z","RSS":0,"Deleted":false}
{"Pid":"216","Ppid":"2","Name":"scsi_tmf_8","CommandLine":"","Exe":"","Hash":{"MD5":"d41d8cd98f00b204e9800998ecf8427e","SHA1":"da39a3ee5e6b4b0d3255bfef95601890afd80709","SHA256":"e3b0c44298fc1c149afbf4c8996fb92427ae41e4649b934ca495991b7852b855"},"Username":"root","CreatedTime":"2024-06-27T03:14:37Z","RSS":0,"Deleted":false}
{"Pid":"218","Ppid":"2","Name":"scsi_eh_9","CommandLine":"","Exe":"","Hash":{"MD5":"d41d8cd98f00b204e9800998ecf8427e","SHA1":"da39a3ee5e6b4b0d3255bfef95601890afd80709","SHA256":"e3b0c44298fc1c149afbf4c8996fb92427ae41e4649b934ca495991b7852b855"},"Username":"root","CreatedTime":"2024-06-27T03:14:37Z","RSS":0,"Deleted":false}
{"Pid":"219","Ppid":"2","Name":"scsi_tmf_9","CommandLine":"","Exe":"","Hash":{"MD5":"d41d8cd98f00b204e9800998ecf8427e","SHA1":"da39a3ee5e6b4b0d3255bfef95601890afd80709","SHA256":"e3b0c44298fc1c149afbf4c8996fb92427ae41e4649b934ca495991b7852b855"},"Username":"root","CreatedTime":"2024-06-27T03:14:37Z","RSS":0,"Deleted":false}
{"Pid":"22","Ppid":"2","Name":"netns","CommandLine":"","Exe":"","Hash":{"MD5":"d41d8cd98f00b204e9800998ecf8427e","SHA1":"da39a3ee5e6b4b0d3255bfef95601890afd80709","SHA256":"e3b0c44298fc1c149afbf4c8996fb92427ae41e4649b934ca495991b7852b855"},"Username":"root","CreatedTime":"2024-06-27T03:14:35Z","RSS":0,"Deleted":false}
{"Pid":"220","Ppid":"2","Name":"scsi_eh_10","CommandLine":"","Exe":"","Hash":{"MD5":"d41d8cd98f00b204e9800998ecf8427e","SHA1":"da39a3ee5e6b4b0d3255bfef95601890afd80709","SHA256":"e3b0c44298fc1c149afbf4c8996fb92427ae41e4649b934ca495991b7852b855"},"Username":"root","CreatedTime":"2024-06-27T03:14:37Z","RSS":0,"Deleted":false}
{"Pid":"221","Ppid":"2","Name":"scsi_tmf_10","CommandLine":"","Exe":"","Hash":{"MD5":"d41d8cd98f00b204e9800998ecf8427e","SHA1":"da39a3ee5e6b4b0d3255bfef95601890afd80709","SHA256":"e3b0c44298fc1c149afbf4c8996fb92427ae41e4649b934ca495991b7852b855"},"Username":"root","CreatedTime":"2024-06-27T03:14:37Z","RSS":0,"Deleted":false}
{"Pid":"222","Ppid":"2","Name":"ttm_swap","CommandLine":"","Exe":"","Hash":{"MD5":"d41d8cd98f00b204e9800998ecf8427e","SHA1":"da39a3ee5e6b4b0d3255bfef95601890afd80709","SHA256":"e3b0c44298fc1c149afbf4c8996fb92427ae41e4649b934ca495991b7852b855"},"Username":"root","CreatedTime":"2024-06-27T03:14:37Z","RSS":0,"Deleted":false}
{"Pid":"223","Ppid":"2","Name":"scsi_eh_11","CommandLine":"","Exe":"","Hash":{"MD5":"d41d8cd98f00b204e9800998ecf8427e","SHA1":"da39a3ee5e6b4b0d3255bfef95601890afd80709","SHA256":"e3b0c44298fc1c149afbf4c8996fb92427ae41e4649b934ca495991b7852b855"},"Username":"root","CreatedTime":"2024-06-27T03:14:37Z","RSS":0,"Deleted":false}
{"Pid":"225","Ppid":"2","Name":"scsi_tmf_11","CommandLine":"","Exe":"","Hash":{"MD5":"d41d8cd98f00b204e9800998ecf8427e","SHA1":"da39a3ee5e6b4b0d3255bfef95601890afd80709","SHA256":"e3b0c44298fc1c149afbf4c8996fb92427ae41e4649b934ca495991b7852b855"},"Username":"root","CreatedTime":"2024-06-27T03:14:37Z","RSS":0,"Deleted":false}
{"Pid":"227","Ppid":"2","Name":"scsi_eh_12","CommandLine":"","Exe":"","Hash":{"MD5":"d41d8cd98f00b204e9800998ecf8427e","SHA1":"da39a3ee5e6b4b0d3255bfef95601890afd80709","SHA256":"e3b0c44298fc1c149afbf4c8996fb92427ae41e4649b934ca495991b7852b855"},"Username":"root","CreatedTime":"2024-06-27T03:14:37Z","RSS":0,"Deleted":false}
{"Pid":"228","Ppid":"2","Name":"scsi_tmf_12","CommandLine":"","Exe":"","Hash":{"MD5":"d41d8cd98f00b204e9800998ecf8427e","SHA1":"da39a3ee5e6b4b0d3255bfef95601890afd80709","SHA256":"e3b0c44298fc1c149afbf4c8996fb92427ae41e4649b934ca495991b7852b855"},"Username":"root","CreatedTime":"2024-06-27T03:14:37Z","RSS":0,"Deleted":false}
{"Pid":"23","Ppid":"2","Name":"rcu_tasks_kthre","CommandLine":"","Exe":"","Hash":{"MD5":"d41d8cd98f00b204e9800998ecf8427e","SHA1":"da39a3ee5e6b4b0d3255bfef95601890afd80709","SHA256":"e3b0c44298fc1c149afbf4c8996fb92427ae41e4649b934ca495991b7852b855"},"Username":"root","CreatedTime":"2024-06-27T03:14:35Z","RSS":0,"Deleted":false}
{"Pid":"230","Ppid":"2","Name":"scsi_eh_13","CommandLine":"","Exe":"","Hash":{"MD5":"d41d8cd98f00b204e9800998ecf8427e","SHA1":"da39a3ee5e6b4b0d3255bfef95601890afd80709","SHA256":"e3b0c44298fc1c149afbf4c8996fb92427ae41e4649b934ca495991b7852b855"},"Username":"root","CreatedTime":"2024-06-27T03:14:37Z","RSS":0,"Deleted":false}
{"Pid":"231","Ppid":"2","Name":"scsi_tmf_13","CommandLine":"","Exe":"","Hash":{"MD5":"d41d8cd98f00b204e9800998ecf8427e","SHA1":"da39a3ee5e6b4b0d3255bfef95601890afd80709","SHA256":"e3b0c44298fc1c149afbf4c8996fb92427ae41e4649b934ca495991b7852b855"},"Username":"root","CreatedTime":"2024-06-27T03:14:37Z","RSS":0,"Deleted":false}
{"Pid":"232","Ppid":"2","Name":"scsi_eh_14","CommandLine":"","Exe":"","Hash":{"MD5":"d41d8cd98f00b204e9800998ecf8427e","SHA1":"da39a3ee5e6b4b0d3255bfef95601890afd80709","SHA256":"e3b0c44298fc1c149afbf4c8996fb92427ae41e4649b934ca495991b7852b855"},"Username":"root","CreatedTime":"2024-06-27T03:14:37Z","RSS":0,"Deleted":false}
{"Pid":"233","Ppid":"2","Name":"scsi_tmf_14","CommandLine":"","Exe":"","Hash":{"MD5":"d41d8cd98f00b204e9800998ecf8427e","SHA1":"da39a3ee5e6b4b0d3255bfef95601890afd80709","SHA256":"e3b0c44298fc1c149afbf4c8996fb92427ae41e4649b934ca495991b7852b855"},"Username":"root","CreatedTime":"2024-06-27T03:14:38Z","RSS":0,"Deleted":false}
{"Pid":"234","Ppid":"2","Name":"scsi_eh_15","CommandLine":"","Exe":"","Hash":{"MD5":"d41d8cd98f00b204e9800998ecf8427e","SHA1":"da39a3ee5e6b4b0d3255bfef95601890afd80709","SHA256":"e3b0c44298fc1c149afbf4c8996fb92427ae41e4649b934ca495991b7852b855"},"Username":"root","CreatedTime":"2024-06-27T03:14:38Z","RSS":0,"Deleted":false}
{"Pid":"235","Ppid":"2","Name":"scsi_tmf_15","CommandLine":"","Exe":"","Hash":{"MD5":"d41d8cd98f00b204e9800998ecf8427e","SHA1":"da39a3ee5e6b4b0d3255bfef95601890afd80709","SHA256":"e3b0c44298fc1c149afbf4c8996fb92427ae41e4649b934ca495991b7852b855"},"Username":"root","CreatedTime":"2024-06-27T03:14:38Z","RSS":0,"Deleted":false}
{"Pid":"24","Ppid":"2","Name":"kauditd","CommandLine":"","Exe":"","Hash":{"MD5":"d41d8cd98f00b204e9800998ecf8427e","SHA1":"da39a3ee5e6b4b0d3255bfef95601890afd80709","SHA256":"e3b0c44298fc1c149afbf4c8996fb92427ae41e4649b934ca495991b7852b855"},"Username":"root","CreatedTime":"2024-06-27T03:14:35Z","RSS":0,"Deleted":false}
{"Pid":"243","Ppid":"2","Name":"kworker/u4:11-events_power_efficient","CommandLine":"","Exe":"","Hash":{"MD5":"d41d8cd98f00b204e9800998ecf8427e","SHA1":"da39a3ee5e6b4b0d3255bfef95601890afd80709","SHA256":"e3b0c44298fc1c149afbf4c8996fb92427ae41e4649b934ca495991b7852b855"},"Username":"root","CreatedTime":"2024-06-27T03:14:38Z","RSS":0,"Deleted":false}
{"Pid":"245","Ppid":"2","Name":"kworker/u4:13-flush-253:0","CommandLine":"","Exe":"","Hash":{"MD5":"d41d8cd98f00b204e9800998ecf8427e","SHA1":"da39a3ee5e6b4b0d3255bfef95601890afd80709","SHA256":"e3b0c44298fc1c149afbf4c8996fb92427ae41e4649b934ca495991b7852b855"},"Username":"root","CreatedTime":"2024-06-27T03:14:38Z","RSS":0,"Deleted":false}
{"Pid":"248","Ppid":"2","Name":"kworker/1:1H-kblockd","CommandLine":"","Exe":"","Hash":{"MD5":"d41d8cd98f00b204e9800998ecf8427e","SHA1":"da39a3ee5e6b4b0d3255bfef95601890afd80709","SHA256":"e3b0c44298fc1c149afbf4c8996fb92427ae41e4649b934ca495991b7852b855"},"Username":"root","CreatedTime":"2024-06-27T03:14:38Z","RSS":0,"Deleted":false}
{"Pid":"25","Ppid":"2","Name":"khungtaskd","CommandLine":"","Exe":"","Hash":{"MD5":"d41d8cd98f00b204e9800998ecf8427e","SHA1":"da39a3ee5e6b4b0d3255bfef95601890afd80709","SHA256":"e3b0c44298fc1c149afbf4c8996fb92427ae41e4649b934ca495991b7852b855"},"Username":"root","CreatedTime":"2024-06-27T03:14:35Z","RSS":0,"Deleted":false}
{"Pid":"259","Ppid":"2","Name":"kdmflush","CommandLine":"","Exe":"","Hash":{"MD5":"d41d8cd98f00b204e9800998ecf8427e","SHA1":"da39a3ee5e6b4b0d3255bfef95601890afd80709","SHA256":"e3b0c44298fc1c149afbf4c8996fb92427ae41e4649b934ca495991b7852b855"},"Username":"root","CreatedTime":"2024-06-27T03:14:42Z","RSS":0,"Deleted":false}
{"Pid":"26","Ppid":"2","Name":"oom_reaper","CommandLine":"","Exe":"","Hash":{"MD5":"d41d8cd98f00b204e9800998ecf8427e","SHA1":"da39a3ee5e6b4b0d3255bfef95601890afd80709","SHA256":"e3b0c44298fc1c149afbf4c8996fb92427ae41e4649b934ca495991b7852b855"},"Username":"root","CreatedTime":"2024-06-27T03:14:35Z","RSS":0,"Deleted":false}
{"Pid":"27","Ppid":"2","Name":"writeback","CommandLine":"","Exe":"","Hash":{"MD5":"d41d8cd98f00b204e9800998ecf8427e","SHA1":"da39a3ee5e6b4b0d3255bfef95601890afd80709","SHA256":"e3b0c44298fc1c149afbf4c8996fb92427ae41e4649b934ca495991b7852b855"},"Username":"root","CreatedTime":"2024-06-27T03:14:35Z","RSS":0,"Deleted":false}
{"Pid":"28","Ppid":"2","Name":"kcompactd0","CommandLine":"","Exe":"","Hash":{"MD5":"d41d8cd98f00b204e9800998ecf8427e","SHA1":"da39a3ee5e6b4b0d3255bfef95601890afd80709","SHA256":"e3b0c44298fc1c149afbf4c8996fb92427ae41e4649b934ca495991b7852b855"},"Username":"root","CreatedTime":"2024-06-27T03:14:35Z","RSS":0,"Deleted":false}
{"Pid":"285","Ppid":"2","Name":"raid5wq","CommandLine":"","Exe":"","Hash":{"MD5":"d41d8cd98f00b204e9800998ecf8427e","SHA1":"da39a3ee5e6b4b0d3255bfef95601890afd80709","SHA256":"e3b0c44298fc1c149afbf4c8996fb92427ae41e4649b934ca495991b7852b855"},"Username":"root","CreatedTime":"2024-06-27T03:14:47Z","RSS":0,"Deleted":false}
{"Pid":"29","Ppid":"2","Name":"ksmd","CommandLine":"","Exe":"","Hash":{"MD5":"d41d8cd98f00b204e9800998ecf8427e","SHA1":"da39a3ee5e6b4b0d3255bfef95601890afd80709","SHA256":"e3b0c44298fc1c149afbf4c8996fb92427ae41e4649b934ca495991b7852b855"},"Username":"root","CreatedTime":"2024-06-27T03:14:35Z","RSS":0,"Deleted":false}
{"Pid":"3","Ppid":"2","Name":"rcu_gp","CommandLine":"","Exe":"","Hash":{"MD5":"d41d8cd98f00b204e9800998ecf8427e","SHA1":"da39a3ee5e6b4b0d3255bfef95601890afd80709","SHA256":"e3b0c44298fc1c149afbf4c8996fb92427ae41e4649b934ca495991b7852b855"},"Username":"root","CreatedTime":"2024-06-27T03:14:35Z","RSS":0,"Deleted":false}
{"Pid":"30","Ppid":"2","Name":"khugepaged","CommandLine":"","Exe":"","Hash":{"MD5":"d41d8cd98f00b204e9800998ecf8427e","SHA1":"da39a3ee5e6b4b0d3255bfef95601890afd80709","SHA256":"e3b0c44298fc1c149afbf4c8996fb92427ae41e4649b934ca495991b7852b855"},"Username":"root","CreatedTime":"2024-06-27T03:14:35Z","RSS":0,"Deleted":false}
{"Pid":"327","Ppid":"2","Name":"kworker/0:1H-kblockd","CommandLine":"","Exe":"","Hash":{"MD5":"d41d8cd98f00b204e9800998ecf8427e","SHA1":"da39a3ee5e6b4b0d3255bfef95601890afd80709","SHA256":"e3b0c44298fc1c149afbf4c8996fb92427ae41e4649b934ca495991b7852b855"},"Username":"root","CreatedTime":"2024-06-27T03:14:48Z","RSS":0,"Deleted":false}
{"Pid":"330","Ppid":"2","Name":"jbd2/dm-0-8","CommandLine":"","Exe":"","Hash":{"MD5":"d41d8cd98f00b204e9800998ecf8427e","SHA1":"da39a3ee5e6b4b0d3255bfef95601890afd80709","SHA256":"e3b0c44298fc1c149afbf4c8996fb92427ae41e4649b934ca495991b7852b855"},"Username":"root","CreatedTime":"2024-06-27T03:14:48Z","RSS":0,"Deleted":false}
{"Pid":"331","Ppid":"2","Name":"ext4-rsv-conver","CommandLine":"","Exe":"","Hash":{"MD5":"d41d8cd98f00b204e9800998ecf8427e","SHA1":"da39a3ee5e6b4b0d3255bfef95601890afd80709","SHA256":"e3b0c44298fc1c149afbf4c8996fb92427ae41e4649b934ca495991b7852b855"},"Username":"root","CreatedTime":"2024-06-27T03:14:48Z","RSS":0,"Deleted":false}
{"Pid":"4","Ppid":"2","Name":"rcu_par_gp","CommandLine":"","Exe":"","Hash":{"MD5":"d41d8cd98f00b204e9800998ecf8427e","SHA1":"da39a3ee5e6b4b0d3255bfef95601890afd80709","SHA256":"e3b0c44298fc1c149afbf4c8996fb92427ae41e4649b934ca495991b7852b855"},"Username":"root","CreatedTime":"2024-06-27T03:14:35Z","RSS":0,"Deleted":false}
{"Pid":"401","Ppid":"1","Name":"systemd-journald","CommandLine":"/lib/systemd/systemd-journald","Exe":"/usr/lib/systemd/systemd-journald","Hash":{"MD5":"205184d1ff7b176abcfde3cc262ecbfd","SHA1":"9d79b27c8e75eb35701fa745dae3cb20270c7dff","SHA256":"a12bc6787c8431552c85070fb5ca4798700916660f4658406e46a4e8a6ade606"},"Username":"root","CreatedTime":"2024-06-27T03:14:49Z","RSS":15486976,"Deleted":false}
{"Pid":"439","Ppid":"1","Name":"systemd-udevd","CommandLine":"/lib/systemd/systemd-udevd","Exe":"/usr/lib/systemd/systemd-udevd","Hash":{"MD5":"9335a7b13ca3bc511c048994872a68cb","SHA1":"97ec759921197b86091ec444b20a3052feeccb86","SHA256":"1e21f6740d81703f56666582fbb4dc1dbbbe5600bc71a59df69fad9fea8644b4"},"Username":"root","CreatedTime":"2024-06-27T03:14:50Z","RSS":6303744,"Deleted":false}
{"Pid":"460","Ppid":"2","Name":"iprt-VBoxWQueue","CommandLine":"","Exe":"","Hash":{"MD5":"d41d8cd98f00b204e9800998ecf8427e","SHA1":"da39a3ee5e6b4b0d3255bfef95601890afd80709","SHA256":"e3b0c44298fc1c149afbf4c8996fb92427ae41e4649b934ca495991b7852b855"},"Username":"root","CreatedTime":"2024-06-27T03:14:50Z","RSS":0,"Deleted":false}
{"Pid":"590","Ppid":"2","Name":"kaluad","CommandLine":"","Exe":"","Hash":{"MD5":"d41d8cd98f00b204e9800998ecf8427e","SHA1":"da39a3ee5e6b4b0d3255bfef95601890afd80709","SHA256":"e3b0c44298fc1c149afbf4c8996fb92427ae41e4649b934ca495991b7852b855"},"Username":"root","CreatedTime":"2024-06-27T03:14:51Z","RSS":0,"Deleted":false}
{"Pid":"591","Ppid":"2","Name":"kmpath_rdacd","CommandLine":"","Exe":"","Hash":{"MD5":"d41d8cd98f00b204e9800998ecf8427e","SHA1":"da39a3ee5e6b4b0d3255bfef95601890afd80709","SHA256":"e3b0c44298fc1c149afbf4c8996fb92427ae41e4649b934ca495991b7852b855"},"Username":"root","CreatedTime":"2024-06-27T03:14:51Z","RSS":0,"Deleted":false}
{"Pid":"592","Ppid":"2","Name":"kmpathd","CommandLine":"","Exe":"","Hash":{"MD5":"d41d8cd98f00b204e9800998ecf8427e","SHA1":"da39a3ee5e6b4b0d3255bfef95601890afd80709","SHA256":"e3b0c44298fc1c149afbf4c8996fb92427ae41e4649b934ca495991b7852b855"},"Username":"root","CreatedTime":"2024-06-27T03:14:51Z","RSS":0,"Deleted":false}
{"Pid":"593","Ppid":"2","Name":"kmpath_handlerd","CommandLine":"","Exe":"","Hash":{"MD5":"d41d8cd98f00b204e9800998ecf8427e","SHA1":"da39a3ee5e6b4b0d3255bfef95601890afd80709","SHA256":"e3b0c44298fc1c149afbf4c8996fb92427ae41e4649b934ca495991b7852b855"},"Username":"root","CreatedTime":"2024-06-27T03:14:51Z","RSS":0,"Deleted":false}
{"Pid":"594","Ppid":"1","Name":"multipathd","CommandLine":"/sbin/multipathd -d -s","Exe":"/usr/sbin/multipathd","Hash":{"MD5":"75715cb3efb6a998d7778d0919f99371","SHA1":"7c6868102881e576db0eba95739548903f7711f9","SHA256":"09b7e7740c61e7fc2571f2cf6054d933d1cea8d7259bbccf65bb0ac1c94b827c"},"Username":"root","CreatedTime":"2024-06-27T03:14:51Z","RSS":18432000,"Deleted":false}
{"Pid":"6","Ppid":"2","Name":"kworker/0:0H-kblockd","CommandLine":"","Exe":"","Hash":{"MD5":"d41d8cd98f00b204e9800998ecf8427e","SHA1":"da39a3ee5e6b4b0d3255bfef95601890afd80709","SHA256":"e3b0c44298fc1c149afbf4c8996fb92427ae41e4649b934ca495991b7852b855"},"Username":"root","CreatedTime":"2024-06-27T03:14:35Z","RSS":0,"Deleted":false}
{"Pid":"605","Ppid":"2","Name":"loop0","CommandLine":"","Exe":"","Hash":{"MD5":"d41d8cd98f00b204e9800998ecf8427e","SHA1":"da39a3ee5e6b4b0d3255bfef95601890afd80709","SHA256":"e3b0c44298fc1c149afbf4c8996fb92427ae41e4649b934ca495991b7852b855"},"Username":"root","CreatedTime":"2024-06-27T03:14:51Z","RSS":0,"Deleted":false}
{"Pid":"609","Ppid":"2","Name":"loop1","CommandLine":"","Exe":"","Hash":{"MD5":"d41d8cd98f00b204e9800998ecf8427e","SHA1":"da39a3ee5e6b4b0d3255bfef95601890afd80709","SHA256":"e3b0c44298fc1c149afbf4c8996fb92427ae41e4649b934ca495991b7852b855"},"Username":"root","CreatedTime":"2024-06-27T03:14:51Z","RSS":0,"Deleted":false}
{"Pid":"610","Ppid":"2","Name":"loop2","CommandLine":"","Exe":"","Hash":{"MD5":"d41d8cd98f00b204e9800998ecf8427e","SHA1":"da39a3ee5e6b4b0d3255bfef95601890afd80709","SHA256":"e3b0c44298fc1c149afbf4c8996fb92427ae41e4649b934ca495991b7852b855"},"Username":"root","CreatedTime":"2024-06-27T03:14:51Z","RSS":0,"Deleted":false}
{"Pid":"612","Ppid":"2","Name":"jbd2/sda2-8","CommandLine":"","Exe":"","Hash":{"MD5":"d41d8cd98f00b204e9800998ecf8427e","SHA1":"da39a3ee5e6b4b0d3255bfef95601890afd80709","SHA256":"e3b0c44298fc1c149afbf4c8996fb92427ae41e4649b934ca495991b7852b855"},"Username":"root","CreatedTime":"2024-06-27T03:14:51Z","RSS":0,"Deleted":false}
{"Pid":"613","Ppid":"2","Name":"ext4-rsv-conver","CommandLine":"","Exe":"","Hash":{"MD5":"d41d8cd98f00b204e9800998ecf8427e","SHA1":"da39a3ee5e6b4b0d3255bfef95601890afd80709","SHA256":"e3b0c44298fc1c149afbf4c8996fb92427ae41e4649b934ca495991b7852b855"},"Username":"root","CreatedTime":"2024-06-27T03:14:51Z","RSS":0,"Deleted":false}
{"Pid":"664","Ppid":"1","Name":"systemd-networkd","CommandLine":"/lib/systemd/systemd-networkd","Exe":"/usr/lib/systemd/systemd-networkd","Hash":{"MD5":"204459cf9381751aba8e5633b0e21b56","SHA1":"02a19668ae344192da8167dbc37b56701fc84cc9","SHA256":"fd7948183740d70c4e54ccacaf51082115b4b6b5c917487a5a22d2df6110e972"},"Username":"systemd-network","CreatedTime":"2024-06-27T03:14:53Z","RSS":8241152,"Deleted":false}
{"Pid":"666","Ppid":"1","Name":"systemd-resolved","CommandLine":"/lib/systemd/systemd-resolved","Exe":"/usr/lib/systemd/systemd-resolved","Hash":{"MD5":"02a8da22721e251559da98f7adcbd115","SHA1":"c39d1f1dae4560fcbe56dbba34c4e6478ae89262","SHA256":"d5351f62aa63b251485bc56d4923c6722cb8da455bf1f35c5d02663af3c76261"},"Username":"systemd-resolve","CreatedTime":"2024-06-27T03:14:53Z","RSS":12623872,"Deleted":false}
{"Pid":"681","Ppid":"1","Name":"accounts-daemon","CommandLine":"/usr/lib/accountsservice/accounts-daemon","Exe":"/usr/lib/accountsservice/accounts-daemon","Hash":{"MD5":"c61449c367ec2672ce5b820436e9fe7d","SHA1":"3053bbbe21076cb6b8cb5cba9fa7889955bfa603","SHA256":"de93e6af72565561ac5515cb92009f877dd8bef19534b2ad205c30e403a187a1"},"Username":"root","CreatedTime":"2024-06-27T03:14:56Z","RSS":7606272,"Deleted":false}
{"Pid":"682","Ppid":"1","Name":"dbus-daemon","CommandLine":"/usr/bin/dbus-daemon --system --address=systemd: --nofork --nopidfile --systemd-activation --syslog-only","Exe":"/usr/bin/dbus-daemon","Hash":{"MD5":"d29dc6c56c3d3f98c6d8893d648f707b","SHA1":"d5f19b6a25e9df80d21afe66bb03f85a801a5082","SHA256":"cf59d683129972f59be62bb8375a53453053d66cdf924e961f3c38e49980cab2"},"Username":"messagebus","CreatedTime":"2024-06-27T03:14:56Z","RSS":4980736,"Deleted":false}
{"Pid":"686","Ppid":"1","Name":"irqbalance","CommandLine":"/usr/sbin/irqbalance --foreground","Exe":"/usr/sbin/irqbalance","Hash":{"MD5":"3b0ab80f87176a514310fafb84e8e4c5","SHA1":"9623661aa4e4c8295a10d6e622cb83de7aa45b06","SHA256":"16f1bb619e76583407fec5add49762191f0590d571c695797200df7c20a81cad"},"Username":"root","CreatedTime":"2024-06-27T03:14:56Z","RSS":3932160,"Deleted":false}
{"Pid":"687","Ppid":"1","Name":"/usr/bin/python3","CommandLine":"/usr/bin/python3 /usr/bin/networkd-dispatcher --run-startup-triggers","Exe":"/usr/bin/python3.8","Hash":{"MD5":"92e761aac39031a364fb83fcc18e8d99","SHA1":"bc15a8f1951a60b70184e15509e19cfa8c129adb","SHA256":"f7b4f724cf8d9414029dc6684326d9744928cd423ea9cb4c4be509c53a013ca7"},"Username":"root","CreatedTime":"2024-06-27T03:14:56Z","RSS":18964480,"Deleted":false}
{"Pid":"688","Ppid":"1","Name":"polkitd","CommandLine":"/usr/lib/policykit-1/polkitd --no-debug","Exe":"/usr/lib/policykit-1/polkitd","Hash":{"MD5":"87c32771ab9504f70d8df87b885e2909","SHA1":"3667805c618f940569d539a802a2d194b8af7d76","SHA256":"c350a59f158a68a9d585284b79855d5755a68d4654948374b1da99a714f99e04"},"Username":"root","CreatedTime":"2024-06-27T03:14:56Z","RSS":7172096,"Deleted":false}
{"Pid":"689","Ppid":"1","Name":"rsyslogd","CommandLine":"/usr/sbin/rsyslogd -n -iNONE","Exe":"/usr/sbin/rsyslogd","Hash":{"MD5":"4ab8f3bf441232b5564a7bc6a1767423","SHA1":"eeedeb6e97908c2d93f40fe412b7076b3b503e05","SHA256":"b48893304d4a068b9e8933a8a5ace4625683682a593beb592b7144098e3c66ea"},"Username":"syslog","CreatedTime":"2024-06-27T03:14:56Z","RSS":5341184,"Deleted":false}
{"Pid":"692","Ppid":"1","Name":"snapd","CommandLine":"/usr/lib/snapd/snapd","Exe":"/usr/lib/snapd/snapd","Hash":{"MD5":"839bfd23cb475d1b71164e2413839cac","SHA1":"58c1e1e4eba29c3be060e476b6c9ffb25e511832","SHA256":"e49501cc5e37c512d22f83a31e86c5822158dcfd76657c58a6acbf5145045160"},"Username":"root","CreatedTime":"2024-06-27T03:14:56Z","RSS":27979776,"Deleted":false}
{"Pid":"699","Ppid":"1","Name":"systemd-logind","CommandLine":"/lib/systemd/systemd-logind","Exe":"/usr/lib/systemd/systemd-logind","Hash":{"MD5":"177f06522c55a581c7cf9440eac4f418","SHA1":"7753a40749698f0c66c48e46f45bc9282c145561","SHA256":"96098000c72f9324d28f03b9068c4e669b162442dc3f863d7170726d17111018"},"Username":"root","CreatedTime":"2024-06-27T03:14:56Z","RSS":8032256,"Deleted":false}
{"Pid":"700","Ppid":"1","Name":"udisksd","CommandLine":"/usr/lib/udisks2/udisksd","Exe":"/usr/lib/udisks2/udisksd","Hash":{"MD5":"7ec1f0db86a3a93b98cdc7c81e7522e9","SHA1":"062a0d39ed380fa0a314de6226cf3ebbe85ac8b6","SHA256":"091182130cadb7032706fdf26a31d35562f93e40311ad63a79cb0ff71836e9ac"},"Username":"root","CreatedTime":"2024-06-27T03:14:56Z","RSS":12599296,"Deleted":false}
{"Pid":"715","Ppid":"1","Name":"cron","CommandLine":"/usr/sbin/cron -f","Exe":"/usr/sbin/cron","Hash":{"MD5":"2c82564ff5cc862c89392b061c7fbd59","SHA1":"1009594fbc8f9a95bd77af80b612171956c8853c","SHA256":"934955f0411538eebb24694982f546907f3c6df8534d6019b7ff165c4d104136"},"Username":"root","CreatedTime":"2024-06-27T03:14:56Z","RSS":2969600,"Deleted":false}
{"Pid":"719","Ppid":"1","Name":"atd","CommandLine":"/usr/sbin/atd -f","Exe":"/usr/sbin/atd","Hash":{"MD5":"02c2b4b380f7e081dfd33d9f72086028","SHA1":"9453b73ef3ba7172cf6e8814add0935be98c6016","SHA256":"18f55f7ce60685192c56ea7c539e607cb2cf42176e1331ce2c7b6d832b4e40f3"},"Username":"root","CreatedTime":"2024-06-27T03:14:56Z","RSS":2318336,"Deleted":false}
{"Pid":"725","Ppid":"1","Name":"login","CommandLine":"/bin/login -p --","Exe":"/usr/bin/login","Hash":{"MD5":"e48456f05275770b59cba6429597be82","SHA1":"e4c475736cd4f24f61a21d20502b04182e197d27","SHA256":"4892c09e67b1629d259548b9584c81ec9de539417e43687bfcdbd9e4b6aa1f89"},"Username":"root","CreatedTime":"2024-06-27T03:14:57Z","RSS":4050944,"Deleted":false}
{"Pid":"730","Ppid":"715","Name":"cron","CommandLine":"/usr/sbin/CRON -f","Exe":"/usr/sbin/cron","Hash":{"MD5":"2c82564ff5cc862c89392b061c7fbd59","SHA1":"1009594fbc8f9a95bd77af80b612171956c8853c","SHA256":"934955f0411538eebb24694982f546907f3c6df8534d6019b7ff165c4d104136"},"Username":"root","CreatedTime":"2024-06-27T03:14:57Z","RSS":3686400,"Deleted":false}
{"Pid":"746","Ppid":"1","Name":"sshd","CommandLine":"sshd: /usr/sbin/sshd -D [listener] 0 of 10-100 startups","Exe":"/usr/sbin/sshd","Hash":{"MD5":"e3685ac339629857989f508f1eca315e","SHA1":"12cfb96a4d05b6453d52cd874746faf13e300833","SHA256":"ce4120e320cadcd784d7b72dfdb3b4f97fa097b445727c6453e8d348a08907ea"},"Username":"root","CreatedTime":"2024-06-27T03:14:57Z","RSS":7180288,"Deleted":false}
{"Pid":"747","Ppid":"730","Name":"sh","CommandLine":"/bin/sh -c echo LWUgIyMgU3RhcnQgc3BsdW5rZm9yd2FyZGVyIG9uIHJlYm9vb3QgQVNEQ1RGe24xeF9oNDVfbTQxdzRyM18yXzkzNjcyMEM3LTlFN0QtNDFDMi04QTc0LTUzOTg2QUE3OTYwNH0KL3Vzci9sb2NhbC9zYmluL3NwbHVua2ZvcndhcmRlcgo= | base64 -d | sh","Exe":"/usr/bin/dash","Hash":{"MD5":"1e6b1c887c59a315edb7eb9a315fc84c","SHA1":"803ffdb71aa236aa25009bef97db1b8ad0e3c62b","SHA256":"64e48365207d0c19008ba7d53d75c0de3fcd5a1590e4c40fc69c677663fedc20"},"Username":"root","CreatedTime":"2024-06-27T03:14:57Z","RSS":606208,"Deleted":false}
{"Pid":"748","Ppid":"1","Name":"ModemManager","CommandLine":"/usr/sbin/ModemManager","Exe":"/usr/sbin/ModemManager","Hash":{"MD5":"5b2ebb50c2d3757d0f3fc90b07e6faef","SHA1":"1e00e0ad1fc9eeea26c6e746d6c00494afe0ec5f","SHA256":"02462346d5ec91ffd16b6b410de0a971fe1c51facbba2d5ad4e85decb159279f"},"Username":"root","CreatedTime":"2024-06-27T03:14:57Z","RSS":11489280,"Deleted":false}
{"Pid":"755","Ppid":"747","Name":"sh","CommandLine":"sh","Exe":"/usr/bin/dash","Hash":{"MD5":"1e6b1c887c59a315edb7eb9a315fc84c","SHA1":"803ffdb71aa236aa25009bef97db1b8ad0e3c62b","SHA256":"64e48365207d0c19008ba7d53d75c0de3fcd5a1590e4c40fc69c677663fedc20"},"Username":"root","CreatedTime":"2024-06-27T03:14:57Z","RSS":544768,"Deleted":false}
{"Pid":"766","Ppid":"755","Name":"splunkforwarder","CommandLine":"/usr/local/sbin/splunkforwarder","Exe":"/usr/local/sbin/splunkforwarder","Hash":{"MD5":"6962ee3de2ba7791fa5334fa50d9c7f6","SHA1":"0bf8b546a2b65df5e0317d624c6fdf34ca51c722","SHA256":"c80565034ecae21f049bc5ca465119607a33f86457cc1dc1a051aabdeeef89ef"},"Username":"root","CreatedTime":"2024-06-27T03:14:57Z","RSS":17522688,"Deleted":false}
{"Pid":"77","Ppid":"2","Name":"kintegrityd","CommandLine":"","Exe":"","Hash":{"MD5":"d41d8cd98f00b204e9800998ecf8427e","SHA1":"da39a3ee5e6b4b0d3255bfef95601890afd80709","SHA256":"e3b0c44298fc1c149afbf4c8996fb92427ae41e4649b934ca495991b7852b855"},"Username":"root","CreatedTime":"2024-06-27T03:14:35Z","RSS":0,"Deleted":false}
{"Pid":"78","Ppid":"2","Name":"kblockd","CommandLine":"","Exe":"","Hash":{"MD5":"d41d8cd98f00b204e9800998ecf8427e","SHA1":"da39a3ee5e6b4b0d3255bfef95601890afd80709","SHA256":"e3b0c44298fc1c149afbf4c8996fb92427ae41e4649b934ca495991b7852b855"},"Username":"root","CreatedTime":"2024-06-27T03:14:35Z","RSS":0,"Deleted":false}
{"Pid":"79","Ppid":"2","Name":"blkcg_punt_bio","CommandLine":"","Exe":"","Hash":{"MD5":"d41d8cd98f00b204e9800998ecf8427e","SHA1":"da39a3ee5e6b4b0d3255bfef95601890afd80709","SHA256":"e3b0c44298fc1c149afbf4c8996fb92427ae41e4649b934ca495991b7852b855"},"Username":"root","CreatedTime":"2024-06-27T03:14:35Z","RSS":0,"Deleted":false}
{"Pid":"8","Ppid":"2","Name":"mm_percpu_wq","CommandLine":"","Exe":"","Hash":{"MD5":"d41d8cd98f00b204e9800998ecf8427e","SHA1":"da39a3ee5e6b4b0d3255bfef95601890afd80709","SHA256":"e3b0c44298fc1c149afbf4c8996fb92427ae41e4649b934ca495991b7852b855"},"Username":"root","CreatedTime":"2024-06-27T03:14:35Z","RSS":0,"Deleted":false}
{"Pid":"80","Ppid":"2","Name":"tpm_dev_wq","CommandLine":"","Exe":"","Hash":{"MD5":"d41d8cd98f00b204e9800998ecf8427e","SHA1":"da39a3ee5e6b4b0d3255bfef95601890afd80709","SHA256":"e3b0c44298fc1c149afbf4c8996fb92427ae41e4649b934ca495991b7852b855"},"Username":"root","CreatedTime":"2024-06-27T03:14:36Z","RSS":0,"Deleted":false}
{"Pid":"802","Ppid":"1","Name":"VBoxService","CommandLine":"/usr/sbin/VBoxService","Exe":"/usr/sbin/VBoxService","Hash":{"MD5":"8f138e69c28436c852a0e7d84c58f76b","SHA1":"7943f294b1041838265a8414928c5dbc62f99981","SHA256":"8c74e05f4371fe2ee84ebf1b6f2deb89d30bdf178299f7eea326167f04eb31b7"},"Username":"root","CreatedTime":"2024-06-27T03:14:57Z","RSS":2744320,"Deleted":false}
{"Pid":"81","Ppid":"2","Name":"ata_sff","CommandLine":"","Exe":"","Hash":{"MD5":"d41d8cd98f00b204e9800998ecf8427e","SHA1":"da39a3ee5e6b4b0d3255bfef95601890afd80709","SHA256":"e3b0c44298fc1c149afbf4c8996fb92427ae41e4649b934ca495991b7852b855"},"Username":"root","CreatedTime":"2024-06-27T03:14:36Z","RSS":0,"Deleted":false}
{"Pid":"82","Ppid":"2","Name":"md","CommandLine":"","Exe":"","Hash":{"MD5":"d41d8cd98f00b204e9800998ecf8427e","SHA1":"da39a3ee5e6b4b0d3255bfef95601890afd80709","SHA256":"e3b0c44298fc1c149afbf4c8996fb92427ae41e4649b934ca495991b7852b855"},"Username":"root","CreatedTime":"2024-06-27T03:14:36Z","RSS":0,"Deleted":false}
{"Pid":"83","Ppid":"2","Name":"edac-poller","CommandLine":"","Exe":"","Hash":{"MD5":"d41d8cd98f00b204e9800998ecf8427e","SHA1":"da39a3ee5e6b4b0d3255bfef95601890afd80709","SHA256":"e3b0c44298fc1c149afbf4c8996fb92427ae41e4649b934ca495991b7852b855"},"Username":"root","CreatedTime":"2024-06-27T03:14:36Z","RSS":0,"Deleted":false}
{"Pid":"84","Ppid":"2","Name":"devfreq_wq","CommandLine":"","Exe":"","Hash":{"MD5":"d41d8cd98f00b204e9800998ecf8427e","SHA1":"da39a3ee5e6b4b0d3255bfef95601890afd80709","SHA256":"e3b0c44298fc1c149afbf4c8996fb92427ae41e4649b934ca495991b7852b855"},"Username":"root","CreatedTime":"2024-06-27T03:14:36Z","RSS":0,"Deleted":false}
{"Pid":"85","Ppid":"2","Name":"watchdogd","CommandLine":"","Exe":"","Hash":{"MD5":"d41d8cd98f00b204e9800998ecf8427e","SHA1":"da39a3ee5e6b4b0d3255bfef95601890afd80709","SHA256":"e3b0c44298fc1c149afbf4c8996fb92427ae41e4649b934ca495991b7852b855"},"Username":"root","CreatedTime":"2024-06-27T03:14:36Z","RSS":0,"Deleted":false}
{"Pid":"88","Ppid":"2","Name":"kswapd0","CommandLine":"","Exe":"","Hash":{"MD5":"d41d8cd98f00b204e9800998ecf8427e","SHA1":"da39a3ee5e6b4b0d3255bfef95601890afd80709","SHA256":"e3b0c44298fc1c149afbf4c8996fb92427ae41e4649b934ca495991b7852b855"},"Username":"root","CreatedTime":"2024-06-27T03:14:36Z","RSS":0,"Deleted":false}
{"Pid":"89","Ppid":"2","Name":"ecryptfs-kthrea","CommandLine":"","Exe":"","Hash":{"MD5":"d41d8cd98f00b204e9800998ecf8427e","SHA1":"da39a3ee5e6b4b0d3255bfef95601890afd80709","SHA256":"e3b0c44298fc1c149afbf4c8996fb92427ae41e4649b934ca495991b7852b855"},"Username":"root","CreatedTime":"2024-06-27T03:14:36Z","RSS":0,"Deleted":false}
{"Pid":"9","Ppid":"2","Name":"ksoftirqd/0","CommandLine":"","Exe":"","Hash":{"MD5":"d41d8cd98f00b204e9800998ecf8427e","SHA1":"da39a3ee5e6b4b0d3255bfef95601890afd80709","SHA256":"e3b0c44298fc1c149afbf4c8996fb92427ae41e4649b934ca495991b7852b855"},"Username":"root","CreatedTime":"2024-06-27T03:14:35Z","RSS":0,"Deleted":false}
{"Pid":"91","Ppid":"2","Name":"kthrotld","CommandLine":"","Exe":"","Hash":{"MD5":"d41d8cd98f00b204e9800998ecf8427e","SHA1":"da39a3ee5e6b4b0d3255bfef95601890afd80709","SHA256":"e3b0c44298fc1c149afbf4c8996fb92427ae41e4649b934ca495991b7852b855"},"Username":"root","CreatedTime":"2024-06-27T03:14:36Z","RSS":0,"Deleted":false}
{"Pid":"92","Ppid":"2","Name":"acpi_thermal_pm","CommandLine":"","Exe":"","Hash":{"MD5":"d41d8cd98f00b204e9800998ecf8427e","SHA1":"da39a3ee5e6b4b0d3255bfef95601890afd80709","SHA256":"e3b0c44298fc1c149afbf4c8996fb92427ae41e4649b934ca495991b7852b855"},"Username":"root","CreatedTime":"2024-06-27T03:14:36Z","RSS":0,"Deleted":false}
{"Pid":"93","Ppid":"2","Name":"scsi_eh_0","CommandLine":"","Exe":"","Hash":{"MD5":"d41d8cd98f00b204e9800998ecf8427e","SHA1":"da39a3ee5e6b4b0d3255bfef95601890afd80709","SHA256":"e3b0c44298fc1c149afbf4c8996fb92427ae41e4649b934ca495991b7852b855"},"Username":"root","CreatedTime":"2024-06-27T03:14:36Z","RSS":0,"Deleted":false}
{"Pid":"94","Ppid":"2","Name":"scsi_tmf_0","CommandLine":"","Exe":"","Hash":{"MD5":"d41d8cd98f00b204e9800998ecf8427e","SHA1":"da39a3ee5e6b4b0d3255bfef95601890afd80709","SHA256":"e3b0c44298fc1c149afbf4c8996fb92427ae41e4649b934ca495991b7852b855"},"Username":"root","CreatedTime":"2024-06-27T03:14:36Z","RSS":0,"Deleted":false}
{"Pid":"95","Ppid":"2","Name":"scsi_eh_1","CommandLine":"","Exe":"","Hash":{"MD5":"d41d8cd98f00b204e9800998ecf8427e","SHA1":"da39a3ee5e6b4b0d3255bfef95601890afd80709","SHA256":"e3b0c44298fc1c149afbf4c8996fb92427ae41e4649b934ca495991b7852b855"},"Username":"root","CreatedTime":"2024-06-27T03:14:36Z","RSS":0,"Deleted":false}
{"Pid":"96","Ppid":"2","Name":"scsi_tmf_1","CommandLine":"","Exe":"","Hash":{"MD5":"d41d8cd98f00b204e9800998ecf8427e","SHA1":"da39a3ee5e6b4b0d3255bfef95601890afd80709","SHA256":"e3b0c44298fc1c149afbf4c8996fb92427ae41e4649b934ca495991b7852b855"},"Username":"root","CreatedTime":"2024-06-27T03:14:36Z","RSS":0,"Deleted":false}
{"Pid":"98","Ppid":"2","Name":"vfio-irqfd-clea","CommandLine":"","Exe":"","Hash":{"MD5":"d41d8cd98f00b204e9800998ecf8427e","SHA1":"da39a3ee5e6b4b0d3255bfef95601890afd80709","SHA256":"e3b0c44298fc1c149afbf4c8996fb92427ae41e4649b934ca495991b7852b855"},"Username":"root","CreatedTime":"2024-06-27T03:14:36Z","RSS":0,"Deleted":false}
{"Pid":"99","Ppid":"2","Name":"kworker/0:2-cgroup_destroy","CommandLine":"","Exe":"","Hash":{"MD5":"d41d8cd98f00b204e9800998ecf8427e","SHA1":"da39a3ee5e6b4b0d3255bfef95601890afd80709","SHA256":"e3b0c44298fc1c149afbf4c8996fb92427ae41e4649b934ca495991b7852b855"},"Username":"root","CreatedTime":"2024-06-27T03:14:36Z","RSS":0,"Deleted":false}
